Timestamp,Numbers
2020-01-20 00:00:00,560
2020-01-20 00:10:00,566
2020-01-20 00:20:00,566
2020-01-20 00:30:00,556
2020-01-20 00:40:00,530
2020-01-20 00:50:00,532
2020-01-20 01:00:00,538
2020-01-20 01:10:00,526
2020-01-20 01:20:00,518
2020-01-20 01:30:00,510
2020-01-20 01:40:00,504
2020-01-20 01:50:00,502
2020-01-20 02:00:00,496
2020-01-20 02:10:00,502
2020-01-20 02:20:00,498
2020-01-20 02:30:00,502
2020-01-20 02:40:00,504
2020-01-20 02:50:00,504
2020-01-20 03:00:00,502
2020-01-20 03:10:00,502
2020-01-20 03:20:00,502
2020-01-20 03:30:00,500
2020-01-20 03:40:00,498
2020-01-20 03:50:00,500
2020-01-20 04:00:00,490
2020-01-20 04:10:00,496
2020-01-20 04:20:00,492
2020-01-20 04:30:00,250
2020-01-20 04:40:00,492
2020-01-20 04:50:00,504
2020-01-20 05:00:00,510
2020-01-20 05:10:00,516
2020-01-20 05:20:00,522
2020-01-20 05:30:00,528
2020-01-20 05:40:00,536
2020-01-20 05:50:00,554
2020-01-20 06:00:00,558
2020-01-20 06:10:00,558
2020-01-20 06:20:00,552
2020-01-20 06:30:00,554
2020-01-20 06:40:00,548
2020-01-20 06:50:00,548
2020-01-20 07:00:00,540
2020-01-20 07:10:00,548
2020-01-20 07:20:00,536
2020-01-20 07:30:00,538
2020-01-20 07:40:00,548
2020-01-20 07:50:00,554
2020-01-20 08:00:00,554
2020-01-20 08:10:00,552
2020-01-20 08:20:00,598
2020-01-20 08:30:00,642
2020-01-20 08:40:00,734
2020-01-20 08:50:00,1282
2020-01-20 09:00:00,2392
2020-01-20 09:10:00,2568
2020-01-20 09:20:00,2676
2020-01-20 09:30:00,2736
2020-01-20 09:40:00,2868
2020-01-20 09:50:00,2564
2020-01-20 10:00:00,1312
2020-01-20 10:10:00,2588
2020-01-20 10:20:00,2610
2020-01-20 10:30:00,2624
2020-01-20 10:40:00,2620
2020-01-20 10:50:00,2480
2020-01-20 11:00:00,2824
2020-01-20 11:10:00,3018
2020-01-20 11:20:00,2994
2020-01-20 11:30:00,3008
2020-01-20 11:40:00,3084
2020-01-20 11:50:00,1426
2020-01-20 12:00:00,3512
2020-01-20 12:10:00,3730
2020-01-20 12:20:00,3796
2020-01-20 12:30:00,3590
2020-01-20 12:40:00,3684
2020-01-20 12:50:00,2970
2020-01-20 13:00:00,3684
2020-01-20 13:10:00,3800
2020-01-20 13:20:00,3808
2020-01-20 13:30:00,3840
2020-01-20 13:40:00,3972
2020-01-20 13:50:00,3486
2020-01-20 14:00:00,1626
2020-01-20 14:10:00,3196
2020-01-20 14:20:00,3170
2020-01-20 14:30:00,3160
2020-01-20 14:40:00,3094
2020-01-20 14:50:00,2304
2020-01-20 15:00:00,2890
2020-01-20 15:10:00,3114
2020-01-20 15:20:00,3138
2020-01-20 15:30:00,3220
2020-01-20 15:40:00,3302
2020-01-20 15:50:00,2972
2020-01-20 16:00:00,3284
2020-01-20 16:10:00,1684
2020-01-20 16:20:00,3348
2020-01-20 16:30:00,3338
2020-01-20 16:40:00,3330
2020-01-20 16:50:00,2402
2020-01-20 17:00:00,1376
2020-01-20 17:10:00,1406
2020-01-20 17:20:00,1364
2020-01-20 17:30:00,1350
2020-01-20 17:40:00,1392
2020-01-20 17:50:00,1632
2020-01-20 18:00:00,2236
2020-01-20 18:10:00,2300
2020-01-20 18:20:00,2214
2020-01-20 18:30:00,2014
2020-01-20 18:40:00,1158
2020-01-20 18:50:00,330
2020-01-20 19:00:00,644
2020-01-20 19:10:00,628
2020-01-20 19:20:00,620
2020-01-20 19:30:00,624
2020-01-20 19:40:00,610
2020-01-20 19:50:00,658
2020-01-20 20:00:00,694
2020-01-20 20:10:00,660
2020-01-20 20:20:00,660
2020-01-20 20:30:00,674
2020-01-20 20:40:00,680
2020-01-20 20:50:00,684
2020-01-20 21:00:00,698
2020-01-20 21:10:00,684
2020-01-20 21:20:00,712
2020-01-20 21:30:00,734
2020-01-20 21:40:00,742
2020-01-20 21:50:00,374
2020-01-20 22:00:00,730
2020-01-20 22:10:00,690
2020-01-20 22:20:00,610
2020-01-20 22:30:00,620
2020-01-20 22:40:00,626
2020-01-20 22:50:00,628
2020-01-20 23:00:00,638
2020-01-20 23:10:00,636
2020-01-20 23:20:00,624
2020-01-20 23:30:00,618
2020-01-20 23:40:00,596
2020-01-20 23:50:00,590
2020-01-21 00:00:00,592
2020-01-21 00:10:00,578
2020-01-21 00:20:00,580
2020-01-21 00:30:00,580
2020-01-21 00:40:00,576
2020-01-21 00:50:00,562
2020-01-21 01:00:00,562
2020-01-21 01:10:00,564
2020-01-21 01:20:00,550
2020-01-21 01:30:00,538
2020-01-21 01:40:00,544
2020-01-21 01:50:00,534
2020-01-21 02:00:00,524
2020-01-21 02:10:00,518
2020-01-21 02:20:00,512
2020-01-21 02:30:00,506
2020-01-21 02:40:00,506
2020-01-21 02:50:00,510
2020-01-21 03:00:00,512
2020-01-21 03:10:00,254
2020-01-21 03:20:00,512
2020-01-21 03:30:00,500
2020-01-21 03:40:00,498
2020-01-21 03:50:00,494
2020-01-21 04:00:00,490
2020-01-21 04:10:00,492
2020-01-21 04:20:00,484
2020-01-21 04:30:00,484
2020-01-21 04:40:00,482
2020-01-21 04:50:00,498
2020-01-21 05:00:00,500
2020-01-21 05:10:00,488
2020-01-21 05:20:00,488
2020-01-21 05:30:00,494
2020-01-21 05:40:00,504
2020-01-21 05:50:00,528
2020-01-21 06:00:00,538
2020-01-21 06:10:00,534
2020-01-21 06:20:00,544
2020-01-21 06:30:00,548
2020-01-21 06:40:00,530
2020-01-21 06:50:00,534
2020-01-21 07:00:00,540
2020-01-21 07:10:00,530
2020-01-21 07:20:00,538
2020-01-21 07:30:00,534
2020-01-21 07:40:00,554
2020-01-21 07:50:00,574
2020-01-21 08:00:00,580
2020-01-21 08:10:00,594
2020-01-21 08:20:00,606
2020-01-21 08:30:00,636
2020-01-21 08:40:00,766
2020-01-21 08:50:00,1518
2020-01-21 09:00:00,2554
2020-01-21 09:10:00,2688
2020-01-21 09:20:00,2738
2020-01-21 09:30:00,1358
2020-01-21 09:40:00,2782
2020-01-21 09:50:00,2844
2020-01-21 10:00:00,2564
2020-01-21 10:10:00,2850
2020-01-21 10:20:00,2854
2020-01-21 10:30:00,2858
2020-01-21 10:40:00,2784
2020-01-21 10:50:00,2068
2020-01-21 11:00:00,2492
2020-01-21 11:10:00,2604
2020-01-21 11:20:00,2560
2020-01-21 11:30:00,2572
2020-01-21 11:40:00,2504
2020-01-21 11:50:00,2274
2020-01-21 12:00:00,2838
2020-01-21 12:10:00,3000
2020-01-21 12:20:00,2976
2020-01-21 12:30:00,3000
2020-01-21 12:40:00,1512
2020-01-21 12:50:00,2558
2020-01-21 13:00:00,2676
2020-01-21 13:10:00,2870
2020-01-21 13:20:00,2868
2020-01-21 13:30:00,2862
2020-01-21 13:40:00,2828
2020-01-21 13:50:00,2698
2020-01-21 14:00:00,2888
2020-01-21 14:10:00,3060
2020-01-21 14:20:00,3058
2020-01-21 14:30:00,3048
2020-01-21 14:40:00,2926
2020-01-21 14:50:00,2682
2020-01-21 15:00:00,2708
2020-01-21 15:10:00,2714
2020-01-21 15:20:00,2722
2020-01-21 15:30:00,2768
2020-01-21 15:40:00,2724
2020-01-21 15:50:00,1154
2020-01-21 16:00:00,2822
2020-01-21 16:10:00,2832
2020-01-21 16:20:00,2822
2020-01-21 16:30:00,2784
2020-01-21 16:40:00,2832
2020-01-21 16:50:00,1872
2020-01-21 17:00:00,1770
2020-01-21 17:10:00,1850
2020-01-21 17:20:00,1800
2020-01-21 17:30:00,1734
2020-01-21 17:40:00,1596
2020-01-21 17:50:00,1430
2020-01-21 18:00:00,1434
2020-01-21 18:10:00,1438
2020-01-21 18:20:00,1422
2020-01-21 18:30:00,1058
2020-01-21 18:40:00,624
2020-01-21 18:50:00,594
2020-01-21 19:00:00,572
2020-01-21 19:10:00,590
2020-01-21 19:20:00,570
2020-01-21 19:30:00,574
2020-01-21 19:40:00,620
2020-01-21 19:50:00,306
2020-01-21 20:00:00,598
2020-01-21 20:10:00,560
2020-01-21 20:20:00,534
2020-01-21 20:30:00,552
2020-01-21 20:40:00,570
2020-01-21 20:50:00,580
2020-01-21 21:00:00,606
2020-01-21 21:10:00,584
2020-01-21 21:20:00,572
2020-01-21 21:30:00,598
2020-01-21 21:40:00,584
2020-01-21 21:50:00,582
2020-01-21 22:00:00,580
2020-01-21 22:10:00,602
2020-01-21 22:20:00,576
2020-01-21 22:30:00,576
2020-01-21 22:40:00,570
2020-01-21 22:50:00,564
2020-01-21 23:00:00,550
2020-01-21 23:10:00,542
2020-01-21 23:20:00,536
2020-01-21 23:30:00,526
2020-01-21 23:40:00,532
2020-01-21 23:50:00,534
2020-01-22 00:00:00,514
2020-01-22 00:10:00,518
2020-01-22 00:20:00,264
2020-01-22 00:30:00,512
2020-01-22 00:40:00,510
2020-01-22 00:50:00,502
2020-01-22 01:00:00,500
2020-01-22 01:10:00,506
2020-01-22 01:20:00,508
2020-01-22 01:30:00,524
2020-01-22 01:40:00,508
2020-01-22 01:50:00,516
2020-01-22 02:00:00,530
2020-01-22 02:10:00,526
2020-01-22 02:20:00,510
2020-01-22 02:30:00,502
2020-01-22 02:40:00,486
2020-01-22 02:50:00,488
2020-01-22 03:00:00,480
2020-01-22 03:10:00,496
2020-01-22 03:20:00,480
2020-01-22 03:30:00,478
2020-01-22 03:40:00,484
2020-01-22 03:50:00,488
2020-01-22 04:00:00,480
2020-01-22 04:10:00,482
2020-01-22 04:20:00,472
2020-01-22 04:30:00,480
2020-01-22 04:40:00,480
2020-01-22 04:50:00,478
2020-01-22 05:00:00,478
2020-01-22 05:10:00,484
2020-01-22 05:20:00,480
2020-01-22 05:30:00,476
2020-01-22 05:40:00,480
2020-01-22 05:50:00,514
2020-01-22 06:00:00,518
2020-01-22 06:10:00,522
2020-01-22 06:20:00,254
2020-01-22 06:30:00,516
2020-01-22 06:40:00,504
2020-01-22 06:50:00,518
2020-01-22 07:00:00,520
2020-01-22 07:10:00,508
2020-01-22 07:20:00,520
2020-01-22 07:30:00,524
2020-01-22 07:40:00,518
2020-01-22 07:50:00,528
2020-01-22 08:00:00,556
2020-01-22 08:10:00,586
2020-01-22 08:20:00,604
2020-01-22 08:30:00,618
2020-01-22 08:40:00,700
2020-01-22 08:50:00,974
2020-01-22 09:00:00,2138
2020-01-22 09:10:00,2546
2020-01-22 09:20:00,2606
2020-01-22 09:30:00,2604
2020-01-22 09:40:00,2668
2020-01-22 09:50:00,2376
2020-01-22 10:00:00,2684
2020-01-22 10:10:00,2944
2020-01-22 10:20:00,2918
2020-01-22 10:30:00,2622
2020-01-22 10:40:00,2522
2020-01-22 10:50:00,1106
2020-01-22 11:00:00,3998
2020-01-22 11:10:00,2928
2020-01-22 11:20:00,1448
2020-01-22 11:30:00,2894
2020-01-22 11:40:00,2924
2020-01-22 11:50:00,2630
2020-01-22 12:00:00,2598
2020-01-22 12:10:00,2786
2020-01-22 12:20:00,2802
2020-01-22 12:30:00,2830
2020-01-22 12:40:00,2880
2020-01-22 12:50:00,2116
2020-01-22 13:00:00,1888
2020-01-22 13:10:00,1980
2020-01-22 13:20:00,1836
2020-01-22 13:30:00,1522
2020-01-22 13:40:00,1506
2020-01-22 13:50:00,772
2020-01-22 14:00:00,1796
2020-01-22 14:10:00,1884
2020-01-22 14:20:00,1890
2020-01-22 14:30:00,1876
2020-01-22 14:40:00,1820
2020-01-22 14:50:00,1488
2020-01-22 15:00:00,1134
2020-01-22 15:10:00,1150
2020-01-22 15:20:00,1166
2020-01-22 15:30:00,1138
2020-01-22 15:40:00,1116
2020-01-22 15:50:00,1044
2020-01-22 16:00:00,964
2020-01-22 16:10:00,934
2020-01-22 16:20:00,454
2020-01-22 16:30:00,848
2020-01-22 16:40:00,628
2020-01-22 16:50:00,628
2020-01-22 17:00:00,576
2020-01-22 17:10:00,534
2020-01-22 17:20:00,502
2020-01-22 17:30:00,488
2020-01-22 17:40:00,578
2020-01-22 17:50:00,820
2020-01-22 18:00:00,1020
2020-01-22 18:10:00,1040
2020-01-22 18:20:00,1002
2020-01-22 18:30:00,1000
2020-01-22 18:40:00,996
2020-01-22 18:50:00,992
2020-01-22 19:00:00,984
2020-01-22 19:10:00,990
2020-01-22 19:20:00,992
2020-01-22 19:30:00,504
2020-01-22 19:40:00,1462
2020-01-22 19:50:00,494
2020-01-22 20:00:00,996
2020-01-22 20:10:00,588
2020-01-22 20:20:00,546
2020-01-22 20:30:00,536
2020-01-22 20:40:00,544
2020-01-22 20:50:00,538
2020-01-22 21:00:00,546
2020-01-22 21:10:00,570
2020-01-22 21:20:00,562
2020-01-22 21:30:00,568
2020-01-22 21:40:00,566
2020-01-22 21:50:00,594
2020-01-22 22:00:00,590
2020-01-22 22:10:00,588
2020-01-22 22:20:00,562
2020-01-22 22:30:00,586
2020-01-22 22:40:00,562
2020-01-22 22:50:00,282
2020-01-22 23:00:00,546
2020-01-22 23:10:00,564
2020-01-22 23:20:00,564
2020-01-22 23:30:00,580
2020-01-22 23:40:00,550
2020-01-22 23:50:00,534
2020-01-23 00:00:00,548
2020-01-23 00:10:00,552
2020-01-23 00:20:00,546
2020-01-23 00:30:00,550
2020-01-23 00:40:00,558
2020-01-23 00:50:00,548
2020-01-23 01:00:00,530
2020-01-23 01:10:00,538
2020-01-23 01:20:00,522
2020-01-23 01:30:00,532
2020-01-23 01:40:00,526
2020-01-23 01:50:00,524
2020-01-23 02:00:00,530
2020-01-23 02:10:00,534
2020-01-23 02:20:00,516
2020-01-23 02:30:00,262
2020-01-23 02:40:00,508
2020-01-23 02:50:00,518
2020-01-23 03:00:00,520
2020-01-23 03:10:00,514
2020-01-23 03:20:00,516
2020-01-23 03:30:00,520
2020-01-23 03:40:00,518
2020-01-23 03:50:00,510
2020-01-23 04:00:00,516
2020-01-23 04:10:00,512
2020-01-23 04:20:00,512
2020-01-23 04:30:00,510
2020-01-23 04:40:00,514
2020-01-23 04:50:00,500
2020-01-23 05:00:00,510
2020-01-23 05:10:00,510
2020-01-23 05:20:00,498
2020-01-23 05:30:00,500
2020-01-23 05:40:00,496
2020-01-23 05:50:00,514
2020-01-23 06:00:00,530
2020-01-23 06:10:00,528
2020-01-23 06:20:00,522
2020-01-23 06:30:00,528
2020-01-23 06:40:00,530
2020-01-23 06:50:00,536
2020-01-23 07:00:00,538
2020-01-23 07:10:00,544
2020-01-23 07:20:00,558
2020-01-23 07:30:00,560
2020-01-23 07:40:00,566
2020-01-23 07:50:00,566
2020-01-23 08:00:00,554
2020-01-23 08:10:00,570
2020-01-23 08:20:00,566
2020-01-23 08:30:00,606
2020-01-23 08:40:00,350
2020-01-23 08:50:00,906
2020-01-23 09:00:00,2042
2020-01-23 09:10:00,2530
2020-01-23 09:20:00,2540
2020-01-23 09:30:00,2544
2020-01-23 09:40:00,2586
2020-01-23 09:50:00,2288
2020-01-23 10:00:00,2290
2020-01-23 10:10:00,2538
2020-01-23 10:20:00,2570
2020-01-23 10:30:00,2608
2020-01-23 10:40:00,2586
2020-01-23 10:50:00,2590
2020-01-23 11:00:00,2558
2020-01-23 11:10:00,2676
2020-01-23 11:20:00,2620
2020-01-23 11:30:00,2610
2020-01-23 11:40:00,1288
2020-01-23 11:50:00,2476
2020-01-23 12:00:00,2548
2020-01-23 12:10:00,2474
2020-01-23 12:20:00,2462
2020-01-23 12:30:00,2496
2020-01-23 12:40:00,2544
2020-01-23 12:50:00,2182
2020-01-23 13:00:00,2224
2020-01-23 13:10:00,2374
2020-01-23 13:20:00,2418
2020-01-23 13:30:00,1206
2020-01-23 13:40:00,2486
2020-01-23 13:50:00,1262
2020-01-23 14:00:00,3586
2020-01-23 14:10:00,1316
2020-01-23 14:20:00,2656
2020-01-23 14:30:00,2650
2020-01-23 14:40:00,2646
2020-01-23 14:50:00,2668
2020-01-23 15:00:00,2608
2020-01-23 15:10:00,2616
2020-01-23 15:20:00,2526
2020-01-23 15:30:00,2192
2020-01-23 15:40:00,2048
2020-01-23 15:50:00,1138
2020-01-23 16:00:00,2208
2020-01-23 16:10:00,2310
2020-01-23 16:20:00,2284
2020-01-23 16:30:00,2302
2020-01-23 16:40:00,2334
2020-01-23 16:50:00,2210
2020-01-23 17:00:00,1774
2020-01-23 17:10:00,1654
2020-01-23 17:20:00,1610
2020-01-23 17:30:00,1602
2020-01-23 17:40:00,1346
2020-01-23 17:50:00,838
2020-01-23 18:00:00,1810
2020-01-23 18:10:00,1812
2020-01-23 18:20:00,1808
2020-01-23 18:30:00,1826
2020-01-23 18:40:00,1758
2020-01-23 18:50:00,1404
2020-01-23 19:00:00,982
2020-01-23 19:10:00,1020
2020-01-23 19:20:00,1058
2020-01-23 19:30:00,904
2020-01-23 19:40:00,616
2020-01-23 19:50:00,572
2020-01-23 20:00:00,508
2020-01-23 20:10:00,544
2020-01-23 20:20:00,544
2020-01-23 20:30:00,546
2020-01-23 20:40:00,574
2020-01-23 20:50:00,280
2020-01-23 21:00:00,520
2020-01-23 21:10:00,520
2020-01-23 21:20:00,542
2020-01-23 21:30:00,532
2020-01-23 21:40:00,526
2020-01-23 21:50:00,518
2020-01-23 22:00:00,556
2020-01-23 22:10:00,562
2020-01-23 22:20:00,562
2020-01-23 22:30:00,562
2020-01-23 22:40:00,558
2020-01-23 22:50:00,570
2020-01-23 23:00:00,570
2020-01-23 23:10:00,568
2020-01-23 23:20:00,554
2020-01-23 23:30:00,568
2020-01-23 23:40:00,286
2020-01-23 23:50:00,564
2020-01-24 00:00:00,574
2020-01-24 00:10:00,570
2020-01-24 00:20:00,568
2020-01-24 00:30:00,562
2020-01-24 00:40:00,568
2020-01-24 00:50:00,550
2020-01-24 01:00:00,564
2020-01-24 01:10:00,560
2020-01-24 01:20:00,572
2020-01-24 01:30:00,574
2020-01-24 01:40:00,568
2020-01-24 01:50:00,568
2020-01-24 02:00:00,546
2020-01-24 02:10:00,540
2020-01-24 02:20:00,536
2020-01-24 02:30:00,542
2020-01-24 02:40:00,550
2020-01-24 02:50:00,540
2020-01-24 03:00:00,520
2020-01-24 03:10:00,512
2020-01-24 03:20:00,512
2020-01-24 03:30:00,496
2020-01-24 03:40:00,490
2020-01-24 03:50:00,486
2020-01-24 04:00:00,242
2020-01-24 04:10:00,484
2020-01-24 04:20:00,482
2020-01-24 04:30:00,474
2020-01-24 04:40:00,476
2020-01-24 04:50:00,462
2020-01-24 05:00:00,474
2020-01-24 05:10:00,478
2020-01-24 05:20:00,484
2020-01-24 05:30:00,486
2020-01-24 05:40:00,490
2020-01-24 05:50:00,504
2020-01-24 06:00:00,510
2020-01-24 06:10:00,502
2020-01-24 06:20:00,494
2020-01-24 06:30:00,496
2020-01-24 06:40:00,498
2020-01-24 06:50:00,508
2020-01-24 07:00:00,510
2020-01-24 07:10:00,510
2020-01-24 07:20:00,512
2020-01-24 07:30:00,516
2020-01-24 07:40:00,522
2020-01-24 07:50:00,570
2020-01-24 08:00:00,616
2020-01-24 08:10:00,610
2020-01-24 08:20:00,628
2020-01-24 08:30:00,316
2020-01-24 08:40:00,716
2020-01-24 08:50:00,1074
2020-01-24 09:00:00,2046
2020-01-24 09:10:00,2546
2020-01-24 09:20:00,2680
2020-01-24 09:30:00,2680
2020-01-24 09:40:00,2658
2020-01-24 09:50:00,2536
2020-01-24 10:00:00,2592
2020-01-24 10:10:00,2622
2020-01-24 10:20:00,2528
2020-01-24 10:30:00,2382
2020-01-24 10:40:00,1210
2020-01-24 10:50:00,2172
2020-01-24 11:00:00,2276
2020-01-24 11:10:00,2494
2020-01-24 11:20:00,2492
2020-01-24 11:30:00,2432
2020-01-24 11:40:00,2472
2020-01-24 11:50:00,2538
2020-01-24 12:00:00,2876
2020-01-24 12:10:00,2900
2020-01-24 12:20:00,2908
2020-01-24 12:30:00,2890
2020-01-24 12:40:00,2844
2020-01-24 12:50:00,974
2020-01-24 13:00:00,1922
2020-01-24 13:10:00,2100
2020-01-24 13:20:00,2082
2020-01-24 13:30:00,2112
2020-01-24 13:40:00,2128
2020-01-24 13:50:00,1896
2020-01-24 14:00:00,2030
2020-01-24 14:10:00,2172
2020-01-24 14:20:00,2154
2020-01-24 14:30:00,2152
2020-01-24 14:40:00,2158
2020-01-24 14:50:00,1678
2020-01-24 15:00:00,1570
2020-01-24 15:10:00,1574
2020-01-24 15:20:00,1592
2020-01-24 15:30:00,786
2020-01-24 15:40:00,1352
2020-01-24 15:50:00,1194
2020-01-24 16:00:00,1760
2020-01-24 16:10:00,1906
2020-01-24 16:20:00,1826
2020-01-24 16:30:00,1748
2020-01-24 16:40:00,1710
2020-01-24 16:50:00,1476
2020-01-24 17:00:00,1276
2020-01-24 17:10:00,1280
2020-01-24 17:20:00,1240
2020-01-24 17:30:00,1192
2020-01-24 17:40:00,1152
2020-01-24 17:50:00,624
2020-01-24 18:00:00,556
2020-01-24 18:10:00,266
2020-01-24 18:20:00,558
2020-01-24 18:30:00,586
2020-01-24 18:40:00,586
2020-01-24 18:50:00,574
2020-01-24 19:00:00,586
2020-01-24 19:10:00,592
2020-01-24 19:20:00,588
2020-01-24 19:30:00,588
2020-01-24 19:40:00,584
2020-01-24 19:50:00,610
2020-01-24 20:00:00,612
2020-01-24 20:10:00,572
2020-01-24 20:20:00,562
2020-01-24 20:30:00,578
2020-01-24 20:40:00,574
2020-01-24 20:50:00,594
2020-01-24 21:00:00,560
2020-01-24 21:10:00,540
2020-01-24 21:20:00,556
2020-01-24 21:30:00,538
2020-01-24 21:40:00,274
2020-01-24 21:50:00,552
2020-01-24 22:00:00,546
2020-01-24 22:10:00,510
2020-01-24 22:20:00,486
2020-01-24 22:30:00,492
2020-01-24 22:40:00,508
2020-01-24 22:50:00,500
2020-01-24 23:00:00,478
2020-01-24 23:10:00,486
2020-01-24 23:20:00,472
2020-01-24 23:30:00,468
2020-01-24 23:40:00,448
2020-01-24 23:50:00,448
2020-01-25 00:00:00,442
2020-01-25 00:10:00,438
2020-01-25 00:20:00,432
2020-01-25 00:30:00,424
2020-01-25 00:40:00,424
2020-01-25 00:50:00,212
2020-01-25 01:00:00,412
2020-01-25 01:10:00,406
2020-01-25 01:20:00,388
2020-01-25 01:30:00,380
2020-01-25 01:40:00,386
2020-01-25 01:50:00,402
2020-01-25 02:00:00,402
2020-01-25 02:10:00,404
2020-01-25 02:20:00,400
2020-01-25 02:30:00,392
2020-01-25 02:40:00,396
2020-01-25 02:50:00,400
2020-01-25 03:00:00,410
2020-01-25 03:10:00,402
2020-01-25 03:20:00,414
2020-01-25 03:30:00,434
2020-01-25 03:40:00,442
2020-01-25 03:50:00,420
2020-01-25 04:00:00,414
2020-01-25 04:10:00,410
2020-01-25 04:20:00,432
2020-01-25 04:30:00,448
2020-01-25 04:40:00,492
2020-01-25 04:50:00,468
2020-01-25 05:00:00,472
2020-01-25 05:10:00,230
2020-01-25 05:20:00,450
2020-01-25 05:30:00,460
2020-01-25 05:40:00,452
2020-01-25 05:50:00,432
2020-01-25 06:00:00,442
2020-01-25 06:10:00,430
2020-01-25 06:20:00,430
2020-01-25 06:30:00,432
2020-01-25 06:40:00,426
2020-01-25 06:50:00,424
2020-01-25 07:00:00,416
2020-01-25 07:10:00,422
2020-01-25 07:20:00,418
2020-01-25 07:30:00,408
2020-01-25 07:40:00,412
2020-01-25 07:50:00,418
2020-01-25 08:00:00,422
2020-01-25 08:10:00,424
2020-01-25 08:20:00,416
2020-01-25 08:30:00,420
2020-01-25 08:40:00,416
2020-01-25 08:50:00,400
2020-01-25 09:00:00,402
2020-01-25 09:10:00,392
2020-01-25 09:20:00,386
2020-01-25 09:30:00,386
2020-01-25 09:40:00,384
2020-01-25 09:50:00,382
2020-01-25 10:00:00,378
2020-01-25 10:10:00,376
2020-01-25 10:20:00,382
2020-01-25 10:30:00,186
2020-01-25 10:40:00,372
2020-01-25 10:50:00,370
2020-01-25 11:00:00,382
2020-01-25 11:10:00,366
2020-01-25 11:20:00,374
2020-01-25 11:30:00,382
2020-01-25 11:40:00,388
2020-01-25 11:50:00,402
2020-01-25 12:00:00,426
2020-01-25 12:10:00,456
2020-01-25 12:20:00,466
2020-01-25 12:30:00,484
2020-01-25 12:40:00,484
2020-01-25 12:50:00,510
2020-01-25 13:00:00,516
2020-01-25 13:10:00,514
2020-01-25 13:20:00,500
2020-01-25 13:30:00,304
2020-01-25 13:40:00,498
2020-01-25 13:50:00,484
2020-01-25 14:00:00,478
2020-01-25 14:10:00,246
2020-01-25 14:20:00,744
2020-01-25 14:30:00,488
2020-01-25 14:40:00,236
2020-01-25 14:50:00,490
2020-01-25 15:00:00,456
2020-01-25 15:10:00,430
2020-01-25 15:20:00,434
2020-01-25 15:30:00,448
2020-01-25 15:40:00,478
2020-01-25 15:50:00,506
2020-01-25 16:00:00,514
2020-01-25 16:10:00,518
2020-01-25 16:20:00,478
2020-01-25 16:30:00,494
2020-01-25 16:40:00,480
2020-01-25 16:50:00,498
2020-01-25 17:00:00,526
2020-01-25 17:10:00,514
2020-01-25 17:20:00,496
2020-01-25 17:30:00,494
2020-01-25 17:40:00,502
2020-01-25 17:50:00,508
2020-01-25 18:00:00,480
2020-01-25 18:10:00,414
2020-01-25 18:20:00,416
2020-01-25 18:30:00,438
2020-01-25 18:40:00,452
2020-01-25 18:50:00,470
2020-01-25 19:00:00,482
2020-01-25 19:10:00,252
2020-01-25 19:20:00,500
2020-01-25 19:30:00,496
2020-01-25 19:40:00,458
2020-01-25 19:50:00,462
2020-01-25 20:00:00,470
2020-01-25 20:10:00,480
2020-01-25 20:20:00,452
2020-01-25 20:30:00,430
2020-01-25 20:40:00,400
2020-01-25 20:50:00,420
2020-01-25 21:00:00,444
2020-01-25 21:10:00,434
2020-01-25 21:20:00,448
2020-01-25 21:30:00,456
2020-01-25 21:40:00,458
2020-01-25 21:50:00,450
2020-01-25 22:00:00,462
2020-01-25 22:10:00,466
2020-01-25 22:20:00,234
2020-01-25 22:30:00,464
2020-01-25 22:40:00,484
2020-01-25 22:50:00,484
2020-01-25 23:00:00,484
2020-01-25 23:10:00,488
2020-01-25 23:20:00,496
2020-01-25 23:30:00,508
2020-01-25 23:40:00,512
2020-01-25 23:50:00,524
2020-01-26 00:00:00,530
2020-01-26 00:10:00,512
2020-01-26 00:20:00,502
2020-01-26 00:30:00,496
2020-01-26 00:40:00,486
2020-01-26 00:50:00,490
2020-01-26 01:00:00,492
2020-01-26 01:10:00,474
2020-01-26 01:20:00,464
2020-01-26 01:30:00,460
2020-01-26 01:40:00,470
2020-01-26 01:50:00,236
2020-01-26 02:00:00,478
2020-01-26 02:10:00,488
2020-01-26 02:20:00,482
2020-01-26 02:30:00,466
2020-01-26 02:40:00,466
2020-01-26 02:50:00,476
2020-01-26 03:00:00,454
2020-01-26 03:10:00,456
2020-01-26 03:20:00,452
2020-01-26 03:30:00,440
2020-01-26 03:40:00,446
2020-01-26 03:50:00,450
2020-01-26 04:00:00,446
2020-01-26 04:10:00,446
2020-01-26 04:20:00,440
2020-01-26 04:30:00,430
2020-01-26 04:40:00,442
2020-01-26 04:50:00,436
2020-01-26 05:00:00,438
2020-01-26 05:10:00,432
2020-01-26 05:20:00,428
2020-01-26 05:30:00,432
2020-01-26 05:40:00,430
2020-01-26 05:50:00,428
2020-01-26 06:00:00,432
2020-01-26 06:10:00,428
2020-01-26 06:20:00,436
2020-01-26 06:30:00,442
2020-01-26 06:40:00,442
2020-01-26 06:50:00,438
2020-01-26 07:00:00,444
2020-01-26 07:10:00,226
2020-01-26 07:20:00,442
2020-01-26 07:30:00,438
2020-01-26 07:40:00,434
2020-01-26 07:50:00,436
2020-01-26 08:00:00,446
2020-01-26 08:10:00,444
2020-01-26 08:20:00,446
2020-01-26 08:30:00,446
2020-01-26 08:40:00,440
2020-01-26 08:50:00,440
2020-01-26 09:00:00,448
2020-01-26 09:10:00,448
2020-01-26 09:20:00,444
2020-01-26 09:30:00,444
2020-01-26 09:40:00,442
2020-01-26 09:50:00,436
2020-01-26 10:00:00,450
2020-01-26 10:10:00,460
2020-01-26 10:20:00,452
2020-01-26 10:30:00,476
2020-01-26 10:40:00,474
2020-01-26 10:50:00,476
2020-01-26 11:00:00,456
2020-01-26 11:10:00,446
2020-01-26 11:20:00,450
2020-01-26 11:30:00,460
2020-01-26 11:40:00,470
2020-01-26 11:50:00,446
2020-01-26 12:00:00,218
2020-01-26 12:10:00,458
2020-01-26 12:20:00,454
2020-01-26 12:30:00,444
2020-01-26 12:40:00,450
2020-01-26 12:50:00,444
2020-01-26 13:00:00,438
2020-01-26 13:10:00,446
2020-01-26 13:20:00,452
2020-01-26 13:30:00,458
2020-01-26 13:40:00,474
2020-01-26 13:50:00,484
2020-01-26 14:00:00,488
2020-01-26 14:10:00,468
2020-01-26 14:20:00,470
2020-01-26 14:30:00,462
2020-01-26 14:40:00,460
2020-01-26 14:50:00,220
2020-01-26 15:00:00,426
2020-01-26 15:10:00,450
2020-01-26 15:20:00,440
2020-01-26 15:30:00,448
2020-01-26 15:40:00,456
2020-01-26 15:50:00,452
2020-01-26 16:00:00,454
2020-01-26 16:10:00,448
2020-01-26 16:20:00,446
2020-01-26 16:30:00,448
2020-01-26 16:40:00,466
2020-01-26 16:50:00,484
2020-01-26 17:00:00,518
2020-01-26 17:10:00,534
2020-01-26 17:20:00,538
2020-01-26 17:30:00,540
2020-01-26 17:40:00,544
2020-01-26 17:50:00,574
2020-01-26 18:00:00,284
2020-01-26 18:10:00,554
2020-01-26 18:20:00,564
2020-01-26 18:30:00,566
2020-01-26 18:40:00,562
2020-01-26 18:50:00,564
2020-01-26 19:00:00,590
2020-01-26 19:10:00,592
2020-01-26 19:20:00,578
2020-01-26 19:30:00,584
2020-01-26 19:40:00,590
2020-01-26 19:50:00,604
2020-01-26 20:00:00,580
2020-01-26 20:10:00,576
2020-01-26 20:20:00,584
2020-01-26 20:30:00,564
2020-01-26 20:40:00,588
2020-01-26 20:50:00,290
2020-01-26 21:00:00,578
2020-01-26 21:10:00,572
2020-01-26 21:20:00,572
2020-01-26 21:30:00,576
2020-01-26 21:40:00,594
2020-01-26 21:50:00,610
2020-01-26 22:00:00,596
2020-01-26 22:10:00,560
2020-01-26 22:20:00,554
2020-01-26 22:30:00,562
2020-01-26 22:40:00,576
2020-01-26 22:50:00,570
2020-01-26 23:00:00,570
2020-01-26 23:10:00,568
2020-01-26 23:20:00,574
2020-01-26 23:30:00,548
2020-01-26 23:40:00,262
2020-01-26 23:50:00,524
2020-01-27 00:00:00,514
2020-01-27 00:10:00,520
2020-01-27 00:20:00,534
2020-01-27 00:30:00,534
2020-01-27 00:40:00,520
2020-01-27 00:50:00,506
2020-01-27 01:00:00,510
2020-01-27 01:10:00,494
2020-01-27 01:20:00,492
2020-01-27 01:30:00,490
2020-01-27 01:40:00,498
2020-01-27 01:50:00,496
2020-01-27 02:00:00,492
2020-01-27 02:10:00,490
2020-01-27 02:20:00,498
2020-01-27 02:30:00,490
2020-01-27 02:40:00,476
2020-01-27 02:50:00,482
2020-01-27 03:00:00,488
2020-01-27 03:10:00,484
2020-01-27 03:20:00,476
2020-01-27 03:30:00,470
2020-01-27 03:40:00,472
2020-01-27 03:50:00,466
2020-01-27 04:00:00,234
2020-01-27 04:10:00,464
2020-01-27 04:20:00,460
2020-01-27 04:30:00,458
2020-01-27 04:40:00,460
2020-01-27 04:50:00,464
2020-01-27 05:00:00,470
2020-01-27 05:10:00,476
2020-01-27 05:20:00,476
2020-01-27 05:30:00,480
2020-01-27 05:40:00,486
2020-01-27 05:50:00,508
2020-01-27 06:00:00,516
2020-01-27 06:10:00,520
2020-01-27 06:20:00,514
2020-01-27 06:30:00,518
2020-01-27 06:40:00,508
2020-01-27 06:50:00,510
2020-01-27 07:00:00,504
2020-01-27 07:10:00,502
2020-01-27 07:20:00,496
2020-01-27 07:30:00,508
2020-01-27 07:40:00,498
2020-01-27 07:50:00,516
2020-01-27 08:00:00,264
2020-01-27 08:10:00,538
2020-01-27 08:20:00,548
2020-01-27 08:30:00,578
2020-01-27 08:40:00,674
2020-01-27 08:50:00,954
2020-01-27 09:00:00,2034
2020-01-27 09:10:00,2454
2020-01-27 09:20:00,2568
2020-01-27 09:30:00,2600
2020-01-27 09:40:00,2600
2020-01-27 09:50:00,2404
2020-01-27 10:00:00,2476
2020-01-27 10:10:00,2554
2020-01-27 10:20:00,2554
2020-01-27 10:30:00,1286
2020-01-27 10:40:00,2456
2020-01-27 10:50:00,2154
2020-01-27 11:00:00,2958
2020-01-27 11:10:00,3236
2020-01-27 11:20:00,3198
2020-01-27 11:30:00,3176
2020-01-27 11:40:00,2940
2020-01-27 11:50:00,2548
2020-01-27 12:00:00,3354
2020-01-27 12:10:00,3464
2020-01-27 12:20:00,3300
2020-01-27 12:30:00,3234
2020-01-27 12:40:00,1668
2020-01-27 12:50:00,3076
2020-01-27 13:00:00,3148
2020-01-27 13:10:00,3472
2020-01-27 13:20:00,3440
2020-01-27 13:30:00,3434
2020-01-27 13:40:00,3430
2020-01-27 13:50:00,3104
2020-01-27 14:00:00,3040
2020-01-27 14:10:00,1518
2020-01-27 14:20:00,3010
2020-01-27 14:30:00,2956
2020-01-27 14:40:00,2892
2020-01-27 14:50:00,2456
2020-01-27 15:00:00,3480
2020-01-27 15:10:00,3730
2020-01-27 15:20:00,3662
2020-01-27 15:30:00,3660
2020-01-27 15:40:00,3540
2020-01-27 15:50:00,1388
2020-01-27 16:00:00,3140
2020-01-27 16:10:00,3454
2020-01-27 16:20:00,3474
2020-01-27 16:30:00,3486
2020-01-27 16:40:00,3470
2020-01-27 16:50:00,2188
2020-01-27 17:00:00,1828
2020-01-27 17:10:00,1818
2020-01-27 17:20:00,1708
2020-01-27 17:30:00,1714
2020-01-27 17:40:00,1790
2020-01-27 17:50:00,1802
2020-01-27 18:00:00,2306
2020-01-27 18:10:00,2356
2020-01-27 18:20:00,2320
2020-01-27 18:30:00,1148
2020-01-27 18:40:00,2318
2020-01-27 18:50:00,1854
2020-01-27 19:00:00,998
2020-01-27 19:10:00,934
2020-01-27 19:20:00,914
2020-01-27 19:30:00,742
2020-01-27 19:40:00,666
2020-01-27 19:50:00,686
2020-01-27 20:00:00,700
2020-01-27 20:10:00,726
2020-01-27 20:20:00,714
2020-01-27 20:30:00,716
2020-01-27 20:40:00,702
2020-01-27 20:50:00,744
2020-01-27 21:00:00,758
2020-01-27 21:10:00,770
2020-01-27 21:20:00,728
2020-01-27 21:30:00,736
2020-01-27 21:40:00,732
2020-01-27 21:50:00,728
2020-01-27 22:00:00,710
2020-01-27 22:10:00,310
2020-01-27 22:20:00,610
2020-01-27 22:30:00,628
2020-01-27 22:40:00,614
2020-01-27 22:50:00,618
2020-01-27 23:00:00,610
2020-01-27 23:10:00,614
2020-01-27 23:20:00,610
2020-01-27 23:30:00,590
2020-01-27 23:40:00,600
2020-01-27 23:50:00,588
2020-01-28 00:00:00,570
2020-01-28 00:10:00,594
2020-01-28 00:20:00,612
2020-01-28 00:30:00,624
2020-01-28 00:40:00,596
2020-01-28 00:50:00,548
2020-01-28 01:00:00,560
2020-01-28 01:10:00,294
2020-01-28 01:20:00,590
2020-01-28 01:30:00,584
2020-01-28 01:40:00,576
2020-01-28 01:50:00,556
2020-01-28 02:00:00,556
2020-01-28 02:10:00,560
2020-01-28 02:20:00,552
2020-01-28 02:30:00,536
2020-01-28 02:40:00,544
2020-01-28 02:50:00,542
2020-01-28 03:00:00,546
2020-01-28 03:10:00,542
2020-01-28 03:20:00,532
2020-01-28 03:30:00,540
2020-01-28 03:40:00,542
2020-01-28 03:50:00,536
2020-01-28 04:00:00,534
2020-01-28 04:10:00,530
2020-01-28 04:20:00,530
2020-01-28 04:30:00,534
2020-01-28 04:40:00,532
2020-01-28 04:50:00,528
2020-01-28 05:00:00,530
2020-01-28 05:10:00,536
2020-01-28 05:20:00,530
2020-01-28 05:30:00,534
2020-01-28 05:40:00,534
2020-01-28 05:50:00,274
2020-01-28 06:00:00,562
2020-01-28 06:10:00,544
2020-01-28 06:20:00,544
2020-01-28 06:30:00,546
2020-01-28 06:40:00,540
2020-01-28 06:50:00,546
2020-01-28 07:00:00,542
2020-01-28 07:10:00,530
2020-01-28 07:20:00,532
2020-01-28 07:30:00,528
2020-01-28 07:40:00,554
2020-01-28 07:50:00,560
2020-01-28 08:00:00,606
2020-01-28 08:10:00,630
2020-01-28 08:20:00,624
2020-01-28 08:30:00,638
2020-01-28 08:40:00,716
2020-01-28 08:50:00,1228
2020-01-28 09:00:00,2290
2020-01-28 09:10:00,2440
2020-01-28 09:20:00,2480
2020-01-28 09:30:00,2512
2020-01-28 09:40:00,2342
2020-01-28 09:50:00,1930
2020-01-28 10:00:00,1238
2020-01-28 10:10:00,2644
2020-01-28 10:20:00,2680
2020-01-28 10:30:00,2720
2020-01-28 10:40:00,2788
2020-01-28 10:50:00,994
2020-01-28 11:00:00,3400
2020-01-28 11:10:00,2504
2020-01-28 11:20:00,1258
2020-01-28 11:30:00,2554
2020-01-28 11:40:00,2588
2020-01-28 11:50:00,2574
2020-01-28 12:00:00,2222
2020-01-28 12:10:00,2480
2020-01-28 12:20:00,2492
2020-01-28 12:30:00,2526
2020-01-28 12:40:00,2520
2020-01-28 12:50:00,1048
2020-01-28 13:00:00,2418
2020-01-28 13:10:00,2932
2020-01-28 13:20:00,3038
2020-01-28 13:30:00,3056
2020-01-28 13:40:00,3062
2020-01-28 13:50:00,2610
2020-01-28 14:00:00,2838
2020-01-28 14:10:00,2966
2020-01-28 14:20:00,3010
2020-01-28 14:30:00,3052
2020-01-28 14:40:00,2288
2020-01-28 14:50:00,1160
2020-01-28 15:00:00,2598
2020-01-28 15:10:00,2848
2020-01-28 15:20:00,2844
2020-01-28 15:30:00,2856
2020-01-28 15:40:00,2844
2020-01-28 15:50:00,2946
2020-01-28 16:00:00,3272
2020-01-28 16:10:00,3352
2020-01-28 16:20:00,3244
2020-01-28 16:30:00,3084
2020-01-28 16:40:00,2786
2020-01-28 16:50:00,1618
2020-01-28 17:00:00,726
2020-01-28 17:10:00,1470
2020-01-28 17:20:00,1472
2020-01-28 17:30:00,1434
2020-01-28 17:40:00,1444
2020-01-28 17:50:00,1238
2020-01-28 18:00:00,1214
2020-01-28 18:10:00,1198
2020-01-28 18:20:00,810
2020-01-28 18:30:00,622
2020-01-28 18:40:00,584
2020-01-28 18:50:00,558
2020-01-28 19:00:00,558
2020-01-28 19:10:00,560
2020-01-28 19:20:00,586
2020-01-28 19:30:00,296
2020-01-28 19:40:00,900
2020-01-28 19:50:00,294
2020-01-28 20:00:00,612
2020-01-28 20:10:00,584
2020-01-28 20:20:00,570
2020-01-28 20:30:00,580
2020-01-28 20:40:00,582
2020-01-28 20:50:00,566
2020-01-28 21:00:00,580
2020-01-28 21:10:00,610
2020-01-28 21:20:00,620
2020-01-28 21:30:00,626
2020-01-28 21:40:00,652
2020-01-28 21:50:00,678
2020-01-28 22:00:00,650
2020-01-28 22:10:00,578
2020-01-28 22:20:00,300
2020-01-28 22:30:00,604
2020-01-28 22:40:00,620
2020-01-28 22:50:00,614
2020-01-28 23:00:00,614
2020-01-28 23:10:00,606
2020-01-28 23:20:00,590
2020-01-28 23:30:00,606
2020-01-28 23:40:00,592
2020-01-28 23:50:00,588
2020-01-29 00:00:00,578
2020-01-29 00:10:00,582
2020-01-29 00:20:00,564
2020-01-29 00:30:00,558
2020-01-29 00:40:00,536
2020-01-29 00:50:00,530
2020-01-29 01:00:00,264
2020-01-29 01:10:00,524
2020-01-29 01:20:00,522
2020-01-29 01:30:00,530
2020-01-29 01:40:00,536
2020-01-29 01:50:00,540
2020-01-29 02:00:00,542
2020-01-29 02:10:00,534
2020-01-29 02:20:00,526
2020-01-29 02:30:00,532
2020-01-29 02:40:00,538
2020-01-29 02:50:00,536
2020-01-29 03:00:00,538
2020-01-29 03:10:00,536
2020-01-29 03:20:00,534
2020-01-29 03:30:00,542
2020-01-29 03:40:00,538
2020-01-29 03:50:00,536
2020-01-29 04:00:00,532
2020-01-29 04:10:00,520
2020-01-29 04:20:00,522
2020-01-29 04:30:00,528
2020-01-29 04:40:00,524
2020-01-29 04:50:00,526
2020-01-29 05:00:00,268
2020-01-29 05:10:00,526
2020-01-29 05:20:00,524
2020-01-29 05:30:00,530
2020-01-29 05:40:00,532
2020-01-29 05:50:00,556
2020-01-29 06:00:00,564
2020-01-29 06:10:00,556
2020-01-29 06:20:00,550
2020-01-29 06:30:00,548
2020-01-29 06:40:00,546
2020-01-29 06:50:00,548
2020-01-29 07:00:00,542
2020-01-29 07:10:00,542
2020-01-29 07:20:00,546
2020-01-29 07:30:00,550
2020-01-29 07:40:00,548
2020-01-29 07:50:00,564
2020-01-29 08:00:00,594
2020-01-29 08:10:00,626
2020-01-29 08:20:00,654
2020-01-29 08:30:00,672
2020-01-29 08:40:00,390
2020-01-29 08:50:00,1002
2020-01-29 09:00:00,1956
2020-01-29 09:10:00,2238
2020-01-29 09:20:00,2306
2020-01-29 09:30:00,2284
2020-01-29 09:40:00,2380
2020-01-29 09:50:00,2132
2020-01-29 10:00:00,2434
2020-01-29 10:10:00,2628
2020-01-29 10:20:00,2712
2020-01-29 10:30:00,1270
2020-01-29 10:40:00,2558
2020-01-29 10:50:00,1768
2020-01-29 11:00:00,2282
2020-01-29 11:10:00,2534
2020-01-29 11:20:00,2512
2020-01-29 11:30:00,2522
2020-01-29 11:40:00,2536
2020-01-29 11:50:00,1044
2020-01-29 12:00:00,2530
2020-01-29 12:10:00,2774
2020-01-29 12:20:00,2790
2020-01-29 12:30:00,2814
2020-01-29 12:40:00,3076
2020-01-29 12:50:00,2726
2020-01-29 13:00:00,2700
2020-01-29 13:10:00,2862
2020-01-29 13:20:00,2902
2020-01-29 13:30:00,2916
2020-01-29 13:40:00,1880
2020-01-29 13:50:00,690
2020-01-29 14:00:00,1370
2020-01-29 14:10:00,1418
2020-01-29 14:20:00,1398
2020-01-29 14:30:00,1242
2020-01-29 14:40:00,1128
2020-01-29 14:50:00,918
2020-01-29 15:00:00,1112
2020-01-29 15:10:00,1186
2020-01-29 15:20:00,1220
2020-01-29 15:30:00,1224
2020-01-29 15:40:00,1236
2020-01-29 15:50:00,924
2020-01-29 16:00:00,838
2020-01-29 16:10:00,428
2020-01-29 16:20:00,848
2020-01-29 16:30:00,860
2020-01-29 16:40:00,874
2020-01-29 16:50:00,962
2020-01-29 17:00:00,898
2020-01-29 17:10:00,864
2020-01-29 17:20:00,870
2020-01-29 17:30:00,902
2020-01-29 17:40:00,974
2020-01-29 17:50:00,1136
2020-01-29 18:00:00,1302
2020-01-29 18:10:00,1284
2020-01-29 18:20:00,1298
2020-01-29 18:30:00,1298
2020-01-29 18:40:00,634
2020-01-29 18:50:00,1166
2020-01-29 19:00:00,1068
2020-01-29 19:10:00,1038
2020-01-29 19:20:00,1048
2020-01-29 19:30:00,1048
2020-01-29 19:40:00,1052
2020-01-29 19:50:00,1062
2020-01-29 20:00:00,640
2020-01-29 20:10:00,576
2020-01-29 20:20:00,602
2020-01-29 20:30:00,620
2020-01-29 20:40:00,618
2020-01-29 20:50:00,616
2020-01-29 21:00:00,588
2020-01-29 21:10:00,586
2020-01-29 21:20:00,292
2020-01-29 21:30:00,590
2020-01-29 21:40:00,576
2020-01-29 21:50:00,588
2020-01-29 22:00:00,568
2020-01-29 22:10:00,532
2020-01-29 22:20:00,476
2020-01-29 22:30:00,466
2020-01-29 22:40:00,484
2020-01-29 22:50:00,468
2020-01-29 23:00:00,466
2020-01-29 23:10:00,472
2020-01-29 23:20:00,468
2020-01-29 23:30:00,466
2020-01-29 23:40:00,474
2020-01-29 23:50:00,234
2020-01-30 00:00:00,462
2020-01-30 00:10:00,460
2020-01-30 00:20:00,476
2020-01-30 00:30:00,478
2020-01-30 00:40:00,460
2020-01-30 00:50:00,458
2020-01-30 01:00:00,462
2020-01-30 01:10:00,458
2020-01-30 01:20:00,448
2020-01-30 01:30:00,438
2020-01-30 01:40:00,434
2020-01-30 01:50:00,444
2020-01-30 02:00:00,448
2020-01-30 02:10:00,446
2020-01-30 02:20:00,436
2020-01-30 02:30:00,436
2020-01-30 02:40:00,438
2020-01-30 02:50:00,428
2020-01-30 03:00:00,436
2020-01-30 03:10:00,440
2020-01-30 03:20:00,456
2020-01-30 03:30:00,456
2020-01-30 03:40:00,226
2020-01-30 03:50:00,450
2020-01-30 04:00:00,468
2020-01-30 04:10:00,480
2020-01-30 04:20:00,502
2020-01-30 04:30:00,504
2020-01-30 04:40:00,500
2020-01-30 04:50:00,500
2020-01-30 05:00:00,494
2020-01-30 05:10:00,498
2020-01-30 05:20:00,486
2020-01-30 05:30:00,488
2020-01-30 05:40:00,488
2020-01-30 05:50:00,536
2020-01-30 06:00:00,544
2020-01-30 06:10:00,538
2020-01-30 06:20:00,518
2020-01-30 06:30:00,516
2020-01-30 06:40:00,516
2020-01-30 06:50:00,520
2020-01-30 07:00:00,516
2020-01-30 07:10:00,520
2020-01-30 07:20:00,532
2020-01-30 07:30:00,534
2020-01-30 07:40:00,526
2020-01-30 07:50:00,542
2020-01-30 08:00:00,550
2020-01-30 08:10:00,282
2020-01-30 08:20:00,546
2020-01-30 08:30:00,572
2020-01-30 08:40:00,656
2020-01-30 08:50:00,886
2020-01-30 09:00:00,1960
2020-01-30 09:10:00,2298
2020-01-30 09:20:00,2364
2020-01-30 09:30:00,2378
2020-01-30 09:40:00,2448
2020-01-30 09:50:00,2066
2020-01-30 10:00:00,2386
2020-01-30 10:10:00,2572
2020-01-30 10:20:00,1286
2020-01-30 10:30:00,2570
2020-01-30 10:40:00,2294
2020-01-30 10:50:00,1812
2020-01-30 11:00:00,2296
2020-01-30 11:10:00,2498
2020-01-30 11:20:00,2454
2020-01-30 11:30:00,2434
2020-01-30 11:40:00,2392
2020-01-30 11:50:00,2270
2020-01-30 12:00:00,2338
2020-01-30 12:10:00,2396
2020-01-30 12:20:00,1222
2020-01-30 12:30:00,2476
2020-01-30 12:40:00,2522
2020-01-30 12:50:00,2112
2020-01-30 13:00:00,2262
2020-01-30 13:10:00,2528
2020-01-30 13:20:00,2532
2020-01-30 13:30:00,2592
2020-01-30 13:40:00,2316
2020-01-30 13:50:00,1680
2020-01-30 14:00:00,2130
2020-01-30 14:10:00,1106
2020-01-30 14:20:00,2178
2020-01-30 14:30:00,2168
2020-01-30 14:40:00,2166
2020-01-30 14:50:00,2126
2020-01-30 15:00:00,1996
2020-01-30 15:10:00,1832
2020-01-30 15:20:00,1846
2020-01-30 15:30:00,1656
2020-01-30 15:40:00,1708
2020-01-30 15:50:00,2016
2020-01-30 16:00:00,2862
2020-01-30 16:10:00,2988
2020-01-30 16:20:00,3006
2020-01-30 16:30:00,2986
2020-01-30 16:40:00,1516
2020-01-30 16:50:00,2686
2020-01-30 17:00:00,2436
2020-01-30 17:10:00,2332
2020-01-30 17:20:00,2370
2020-01-30 17:30:00,2358
2020-01-30 17:40:00,1652
2020-01-30 17:50:00,1484
2020-01-30 18:00:00,1760
2020-01-30 18:10:00,1800
2020-01-30 18:20:00,1774
2020-01-30 18:30:00,1756
2020-01-30 18:40:00,1644
2020-01-30 18:50:00,1012
2020-01-30 19:00:00,990
2020-01-30 19:10:00,500
2020-01-30 19:20:00,1428
2020-01-30 19:30:00,476
2020-01-30 19:40:00,668
2020-01-30 19:50:00,582
2020-01-30 20:00:00,532
2020-01-30 20:10:00,532
2020-01-30 20:20:00,516
2020-01-30 20:30:00,510
2020-01-30 20:40:00,562
2020-01-30 20:50:00,568
2020-01-30 21:00:00,568
2020-01-30 21:10:00,578
2020-01-30 21:20:00,566
2020-01-30 21:30:00,570
2020-01-30 21:40:00,572
2020-01-30 21:50:00,574
2020-01-30 22:00:00,584
2020-01-30 22:10:00,578
2020-01-30 22:20:00,564
2020-01-30 22:30:00,572
2020-01-30 22:40:00,292
2020-01-30 22:50:00,572
2020-01-30 23:00:00,570
2020-01-30 23:10:00,576
2020-01-30 23:20:00,588
2020-01-30 23:30:00,582
2020-01-30 23:40:00,584
2020-01-30 23:50:00,592
2020-01-31 00:00:00,574
2020-01-31 00:10:00,582
2020-01-31 00:20:00,576
2020-01-31 00:30:00,582
2020-01-31 00:40:00,580
2020-01-31 00:50:00,562
2020-01-31 01:00:00,550
2020-01-31 01:10:00,554
2020-01-31 01:20:00,554
2020-01-31 01:30:00,554
2020-01-31 01:40:00,552
2020-01-31 01:50:00,550
2020-01-31 02:00:00,278
2020-01-31 02:10:00,546
2020-01-31 02:20:00,532
2020-01-31 02:30:00,518
2020-01-31 02:40:00,518
2020-01-31 02:50:00,516
2020-01-31 03:00:00,508
2020-01-31 03:10:00,504
2020-01-31 03:20:00,506
2020-01-31 03:30:00,522
2020-01-31 03:40:00,510
2020-01-31 03:50:00,520
2020-01-31 04:00:00,512
2020-01-31 04:10:00,504
2020-01-31 04:20:00,498
2020-01-31 04:30:00,512
2020-01-31 04:40:00,500
2020-01-31 04:50:00,506
2020-01-31 05:00:00,508
2020-01-31 05:10:00,512
2020-01-31 05:20:00,510
2020-01-31 05:30:00,492
2020-01-31 05:40:00,496
2020-01-31 05:50:00,528
2020-01-31 06:00:00,526
2020-01-31 06:10:00,524
2020-01-31 06:20:00,264
2020-01-31 06:30:00,524
2020-01-31 06:40:00,532
2020-01-31 06:50:00,526
2020-01-31 07:00:00,526
2020-01-31 07:10:00,526
2020-01-31 07:20:00,534
2020-01-31 07:30:00,544
2020-01-31 07:40:00,540
2020-01-31 07:50:00,560
2020-01-31 08:00:00,590
2020-01-31 08:10:00,620
2020-01-31 08:20:00,642
2020-01-31 08:30:00,692
2020-01-31 08:40:00,822
2020-01-31 08:50:00,1086
2020-01-31 09:00:00,1868
2020-01-31 09:10:00,2120
2020-01-31 09:20:00,2148
2020-01-31 09:30:00,2156
2020-01-31 09:40:00,2172
2020-01-31 09:50:00,1070
2020-01-31 10:00:00,2174
2020-01-31 10:10:00,2268
2020-01-31 10:20:00,2274
2020-01-31 10:30:00,2314
2020-01-31 10:40:00,2294
2020-01-31 10:50:00,2044
2020-01-31 11:00:00,2146
2020-01-31 11:10:00,2328
2020-01-31 11:20:00,2364
2020-01-31 11:30:00,2354
2020-01-31 11:40:00,2160
2020-01-31 11:50:00,978
2020-01-31 12:00:00,2518
2020-01-31 12:10:00,2732
2020-01-31 12:20:00,2748
2020-01-31 12:30:00,2642
2020-01-31 12:40:00,2594
2020-01-31 12:50:00,2162
2020-01-31 13:00:00,2256
2020-01-31 13:10:00,2376
2020-01-31 13:20:00,2354
2020-01-31 13:30:00,2430
2020-01-31 13:40:00,1180
2020-01-31 13:50:00,1906
2020-01-31 14:00:00,2512
2020-01-31 14:10:00,2878
2020-01-31 14:20:00,2910
2020-01-31 14:30:00,2916
2020-01-31 14:40:00,2820
2020-01-31 14:50:00,2052
2020-01-31 15:00:00,1974
2020-01-31 15:10:00,1956
2020-01-31 15:20:00,1880
2020-01-31 15:30:00,1614
2020-01-31 15:40:00,730
2020-01-31 15:50:00,1420
2020-01-31 16:00:00,1816
2020-01-31 16:10:00,1978
2020-01-31 16:20:00,1998
2020-01-31 16:30:00,1964
2020-01-31 16:40:00,1948
2020-01-31 16:50:00,1626
2020-01-31 17:00:00,1566
2020-01-31 17:10:00,1540
2020-01-31 17:20:00,1348
2020-01-31 17:30:00,1316
2020-01-31 17:40:00,1216
2020-01-31 17:50:00,766
2020-01-31 18:00:00,530
2020-01-31 18:10:00,532
2020-01-31 18:20:00,516
2020-01-31 18:30:00,516
2020-01-31 18:40:00,498
2020-01-31 18:50:00,468
2020-01-31 19:00:00,470
2020-01-31 19:10:00,224
2020-01-31 19:20:00,456
2020-01-31 19:30:00,480
2020-01-31 19:40:00,486
2020-01-31 19:50:00,500
2020-01-31 20:00:00,528
2020-01-31 20:10:00,496
2020-01-31 20:20:00,512
2020-01-31 20:30:00,510
2020-01-31 20:40:00,512
2020-01-31 20:50:00,526
2020-01-31 21:00:00,534
2020-01-31 21:10:00,542
2020-01-31 21:20:00,552
2020-01-31 21:30:00,570
2020-01-31 21:40:00,560
2020-01-31 21:50:00,546
2020-01-31 22:00:00,506
2020-01-31 22:10:00,246
2020-01-31 22:20:00,486
2020-01-31 22:30:00,486
2020-01-31 22:40:00,464
2020-01-31 22:50:00,474
2020-01-31 23:00:00,502
2020-01-31 23:10:00,514
2020-01-31 23:20:00,496
2020-01-31 23:30:00,492
2020-01-31 23:40:00,490
2020-01-31 23:50:00,502
2020-02-01 00:00:00,488
2020-02-01 00:10:00,472
2020-02-01 00:20:00,490
2020-02-01 00:30:00,476
2020-02-01 00:40:00,464
2020-02-01 00:50:00,450
2020-02-01 01:00:00,230
2020-02-01 01:10:00,672
2020-02-01 01:20:00,216
2020-02-01 01:30:00,450
2020-02-01 01:40:00,452
2020-02-01 01:50:00,468
2020-02-01 02:00:00,452
2020-02-01 02:10:00,446
2020-02-01 02:20:00,436
2020-02-01 02:30:00,432
2020-02-01 02:40:00,428
2020-02-01 02:50:00,426
2020-02-01 03:00:00,416
2020-02-01 03:10:00,410
2020-02-01 03:20:00,404
2020-02-01 03:30:00,424
2020-02-01 03:40:00,410
2020-02-01 03:50:00,406
2020-02-01 04:00:00,412
2020-02-01 04:10:00,410
2020-02-01 04:20:00,420
2020-02-01 04:30:00,426
2020-02-01 04:40:00,424
2020-02-01 04:50:00,434
2020-02-01 05:00:00,438
2020-02-01 05:10:00,440
2020-02-01 05:20:00,438
2020-02-01 05:30:00,432
2020-02-01 05:40:00,442
2020-02-01 05:50:00,436
2020-02-01 06:00:00,436
2020-02-01 06:10:00,432
2020-02-01 06:20:00,428
2020-02-01 06:30:00,438
2020-02-01 06:40:00,442
2020-02-01 06:50:00,218
2020-02-01 07:00:00,422
2020-02-01 07:10:00,428
2020-02-01 07:20:00,436
2020-02-01 07:30:00,426
2020-02-01 07:40:00,414
2020-02-01 07:50:00,418
2020-02-01 08:00:00,432
2020-02-01 08:10:00,458
2020-02-01 08:20:00,446
2020-02-01 08:30:00,434
2020-02-01 08:40:00,436
2020-02-01 08:50:00,444
2020-02-01 09:00:00,430
2020-02-01 09:10:00,420
2020-02-01 09:20:00,418
2020-02-01 09:30:00,422
2020-02-01 09:40:00,424
2020-02-01 09:50:00,424
2020-02-01 10:00:00,438
2020-02-01 10:10:00,428
2020-02-01 10:20:00,218
2020-02-01 10:30:00,416
2020-02-01 10:40:00,404
2020-02-01 10:50:00,404
2020-02-01 11:00:00,420
2020-02-01 11:10:00,424
2020-02-01 11:20:00,420
2020-02-01 11:30:00,402
2020-02-01 11:40:00,392
2020-02-01 11:50:00,402
2020-02-01 12:00:00,428
2020-02-01 12:10:00,462
2020-02-01 12:20:00,464
2020-02-01 12:30:00,476
2020-02-01 12:40:00,466
2020-02-01 12:50:00,472
2020-02-01 13:00:00,462
2020-02-01 13:10:00,478
2020-02-01 13:20:00,492
2020-02-01 13:30:00,252
2020-02-01 13:40:00,492
2020-02-01 13:50:00,458
2020-02-01 14:00:00,462
2020-02-01 14:10:00,460
2020-02-01 14:20:00,448
2020-02-01 14:30:00,438
2020-02-01 14:40:00,438
2020-02-01 14:50:00,450
2020-02-01 15:00:00,218
2020-02-01 15:10:00,404
2020-02-01 15:20:00,372
2020-02-01 15:30:00,370
2020-02-01 15:40:00,372
2020-02-01 15:50:00,380
2020-02-01 16:00:00,366
2020-02-01 16:10:00,378
2020-02-01 16:20:00,382
2020-02-01 16:30:00,394
2020-02-01 16:40:00,390
2020-02-01 16:50:00,404
2020-02-01 17:00:00,406
2020-02-01 17:10:00,408
2020-02-01 17:20:00,394
2020-02-01 17:30:00,414
2020-02-01 17:40:00,426
2020-02-01 17:50:00,460
2020-02-01 18:00:00,466
2020-02-01 18:10:00,456
2020-02-01 18:20:00,470
2020-02-01 18:30:00,464
2020-02-01 18:40:00,432
2020-02-01 18:50:00,440
2020-02-01 19:00:00,452
2020-02-01 19:10:00,442
2020-02-01 19:20:00,222
2020-02-01 19:30:00,432
2020-02-01 19:40:00,432
2020-02-01 19:50:00,414
2020-02-01 20:00:00,402
2020-02-01 20:10:00,388
2020-02-01 20:20:00,378
2020-02-01 20:30:00,378
2020-02-01 20:40:00,390
2020-02-01 20:50:00,394
2020-02-01 21:00:00,398
2020-02-01 21:10:00,394
2020-02-01 21:20:00,414
2020-02-01 21:30:00,400
2020-02-01 21:40:00,404
2020-02-01 21:50:00,432
2020-02-01 22:00:00,426
2020-02-01 22:10:00,436
2020-02-01 22:20:00,432
2020-02-01 22:30:00,424
2020-02-01 22:40:00,458
2020-02-01 22:50:00,224
2020-02-01 23:00:00,454
2020-02-01 23:10:00,472
2020-02-01 23:20:00,462
2020-02-01 23:30:00,464
2020-02-01 23:40:00,462
2020-02-01 23:50:00,454
2020-02-02 00:00:00,480
2020-02-02 00:10:00,480
2020-02-02 00:20:00,476
2020-02-02 00:30:00,466
2020-02-02 00:40:00,466
2020-02-02 00:50:00,456
2020-02-02 01:00:00,462
2020-02-02 01:10:00,460
2020-02-02 01:20:00,444
2020-02-02 01:30:00,446
2020-02-02 01:40:00,452
2020-02-02 01:50:00,458
2020-02-02 02:00:00,450
2020-02-02 02:10:00,224
2020-02-02 02:20:00,458
2020-02-02 02:30:00,450
2020-02-02 02:40:00,464
2020-02-02 02:50:00,450
2020-02-02 03:00:00,452
2020-02-02 03:10:00,450
2020-02-02 03:20:00,440
2020-02-02 03:30:00,426
2020-02-02 03:40:00,434
2020-02-02 03:50:00,438
2020-02-02 04:00:00,432
2020-02-02 04:10:00,426
2020-02-02 04:20:00,424
2020-02-02 04:30:00,424
2020-02-02 04:40:00,414
2020-02-02 04:50:00,426
2020-02-02 05:00:00,434
2020-02-02 05:10:00,432
2020-02-02 05:20:00,438
2020-02-02 05:30:00,430
2020-02-02 05:40:00,438
2020-02-02 05:50:00,434
2020-02-02 06:00:00,438
2020-02-02 06:10:00,444
2020-02-02 06:20:00,428
2020-02-02 06:30:00,426
2020-02-02 06:40:00,428
2020-02-02 06:50:00,212
2020-02-02 07:00:00,426
2020-02-02 07:10:00,428
2020-02-02 07:20:00,432
2020-02-02 07:30:00,428
2020-02-02 07:40:00,430
2020-02-02 07:50:00,424
2020-02-02 08:00:00,424
2020-02-02 08:10:00,430
2020-02-02 08:20:00,418
2020-02-02 08:30:00,414
2020-02-02 08:40:00,418
2020-02-02 08:50:00,422
2020-02-02 09:00:00,428
2020-02-02 09:10:00,420
2020-02-02 09:20:00,424
2020-02-02 09:30:00,424
2020-02-02 09:40:00,432
2020-02-02 09:50:00,416
2020-02-02 10:00:00,430
2020-02-02 10:10:00,428
2020-02-02 10:20:00,444
2020-02-02 10:30:00,448
2020-02-02 10:40:00,450
2020-02-02 10:50:00,450
2020-02-02 11:00:00,458
2020-02-02 11:10:00,230
2020-02-02 11:20:00,470
2020-02-02 11:30:00,446
2020-02-02 11:40:00,464
2020-02-02 11:50:00,446
2020-02-02 12:00:00,484
2020-02-02 12:10:00,484
2020-02-02 12:20:00,480
2020-02-02 12:30:00,472
2020-02-02 12:40:00,468
2020-02-02 12:50:00,468
2020-02-02 13:00:00,456
2020-02-02 13:10:00,430
2020-02-02 13:20:00,460
2020-02-02 13:30:00,278
2020-02-02 13:40:00,474
2020-02-02 13:50:00,494
2020-02-02 14:00:00,492
2020-02-02 14:10:00,484
2020-02-02 14:20:00,456
2020-02-02 14:30:00,448
2020-02-02 14:40:00,456
2020-02-02 14:50:00,464
2020-02-02 15:00:00,478
2020-02-02 15:10:00,486
2020-02-02 15:20:00,232
2020-02-02 15:30:00,472
2020-02-02 15:40:00,460
2020-02-02 15:50:00,486
2020-02-02 16:00:00,492
2020-02-02 16:10:00,500
2020-02-02 16:20:00,506
2020-02-02 16:30:00,524
2020-02-02 16:40:00,504
2020-02-02 16:50:00,490
2020-02-02 17:00:00,490
2020-02-02 17:10:00,494
2020-02-02 17:20:00,508
2020-02-02 17:30:00,524
2020-02-02 17:40:00,524
2020-02-02 17:50:00,532
2020-02-02 18:00:00,584
2020-02-02 18:10:00,592
2020-02-02 18:20:00,594
2020-02-02 18:30:00,594
2020-02-02 18:40:00,578
2020-02-02 18:50:00,298
2020-02-02 19:00:00,588
2020-02-02 19:10:00,602
2020-02-02 19:20:00,594
2020-02-02 19:30:00,624
2020-02-02 19:40:00,600
2020-02-02 19:50:00,604
2020-02-02 20:00:00,614
2020-02-02 20:10:00,612
2020-02-02 20:20:00,598
2020-02-02 20:30:00,600
2020-02-02 20:40:00,616
2020-02-02 20:50:00,598
2020-02-02 21:00:00,612
2020-02-02 21:10:00,604
2020-02-02 21:20:00,604
2020-02-02 21:30:00,636
2020-02-02 21:40:00,646
2020-02-02 21:50:00,668
2020-02-02 22:00:00,646
2020-02-02 22:10:00,588
2020-02-02 22:20:00,598
2020-02-02 22:30:00,596
2020-02-02 22:40:00,600
2020-02-02 22:50:00,588
2020-02-02 23:00:00,288
2020-02-02 23:10:00,580
2020-02-02 23:20:00,554
2020-02-02 23:30:00,554
2020-02-02 23:40:00,552
2020-02-02 23:50:00,536
2020-02-03 00:00:00,522
2020-02-03 00:10:00,530
2020-02-03 00:20:00,504
2020-02-03 00:30:00,482
2020-02-03 00:40:00,484
2020-02-03 00:50:00,492
2020-02-03 01:00:00,504
2020-02-03 01:10:00,498
2020-02-03 01:20:00,504
2020-02-03 01:30:00,488
2020-02-03 01:40:00,498
2020-02-03 01:50:00,488
2020-02-03 02:00:00,240
2020-02-03 02:10:00,478
2020-02-03 02:20:00,490
2020-02-03 02:30:00,470
2020-02-03 02:40:00,454
2020-02-03 02:50:00,454
2020-02-03 03:00:00,444
2020-02-03 03:10:00,446
2020-02-03 03:20:00,454
2020-02-03 03:30:00,458
2020-02-03 03:40:00,456
2020-02-03 03:50:00,462
2020-02-03 04:00:00,462
2020-02-03 04:10:00,466
2020-02-03 04:20:00,468
2020-02-03 04:30:00,458
2020-02-03 04:40:00,458
2020-02-03 04:50:00,456
2020-02-03 05:00:00,460
2020-02-03 05:10:00,464
2020-02-03 05:20:00,454
2020-02-03 05:30:00,454
2020-02-03 05:40:00,468
2020-02-03 05:50:00,480
2020-02-03 06:00:00,476
2020-02-03 06:10:00,476
2020-02-03 06:20:00,238
2020-02-03 06:30:00,480
2020-02-03 06:40:00,480
2020-02-03 06:50:00,474
2020-02-03 07:00:00,478
2020-02-03 07:10:00,480
2020-02-03 07:20:00,482
2020-02-03 07:30:00,488
2020-02-03 07:40:00,492
2020-02-03 07:50:00,494
2020-02-03 08:00:00,518
2020-02-03 08:10:00,530
2020-02-03 08:20:00,560
2020-02-03 08:30:00,594
2020-02-03 08:40:00,686
2020-02-03 08:50:00,1038
2020-02-03 09:00:00,1920
2020-02-03 09:10:00,2228
2020-02-03 09:20:00,2306
2020-02-03 09:30:00,1168
2020-02-03 09:40:00,3578
2020-02-03 09:50:00,1140
2020-02-03 10:00:00,2342
2020-02-03 10:10:00,2490
2020-02-03 10:20:00,2528
2020-02-03 10:30:00,2502
2020-02-03 10:40:00,2372
2020-02-03 10:50:00,2268
2020-02-03 11:00:00,3142
2020-02-03 11:10:00,3354
2020-02-03 11:20:00,3332
2020-02-03 11:30:00,3246
2020-02-03 11:40:00,1262
2020-02-03 11:50:00,2640
2020-02-03 12:00:00,3170
2020-02-03 12:10:00,3408
2020-02-03 12:20:00,3134
2020-02-03 12:30:00,3086
2020-02-03 12:40:00,3180
2020-02-03 12:50:00,2506
2020-02-03 13:00:00,3188
2020-02-03 13:10:00,3270
2020-02-03 13:20:00,3216
2020-02-03 13:30:00,1624
2020-02-03 13:40:00,3214
2020-02-03 13:50:00,3094
2020-02-03 14:00:00,3022
2020-02-03 14:10:00,3134
2020-02-03 14:20:00,3104
2020-02-03 14:30:00,3122
2020-02-03 14:40:00,3146
2020-02-03 14:50:00,3034
2020-02-03 15:00:00,3486
2020-02-03 15:10:00,3700
2020-02-03 15:20:00,3736
2020-02-03 15:30:00,3768
2020-02-03 15:40:00,3836
2020-02-03 15:50:00,1716
2020-02-03 16:00:00,3500
2020-02-03 16:10:00,3754
2020-02-03 16:20:00,3794
2020-02-03 16:30:00,3708
2020-02-03 16:40:00,3666
2020-02-03 16:50:00,2546
2020-02-03 17:00:00,2276
2020-02-03 17:10:00,2306
2020-02-03 17:20:00,2310
2020-02-03 17:30:00,2342
2020-02-03 17:40:00,1652
2020-02-03 17:50:00,1124
2020-02-03 18:00:00,1352
2020-02-03 18:10:00,1374
2020-02-03 18:20:00,690
2020-02-03 18:30:00,1380
2020-02-03 18:40:00,1422
2020-02-03 18:50:00,1018
2020-02-03 19:00:00,618
2020-02-03 19:10:00,612
2020-02-03 19:20:00,630
2020-02-03 19:30:00,646
2020-02-03 19:40:00,654
2020-02-03 19:50:00,678
2020-02-03 20:00:00,704
2020-02-03 20:10:00,684
2020-02-03 20:20:00,702
2020-02-03 20:30:00,692
2020-02-03 20:40:00,354
2020-02-03 20:50:00,1084
2020-02-03 21:00:00,706
2020-02-03 21:10:00,340
2020-02-03 21:20:00,694
2020-02-03 21:30:00,694
2020-02-03 21:40:00,692
2020-02-03 21:50:00,696
2020-02-03 22:00:00,684
2020-02-03 22:10:00,664
2020-02-03 22:20:00,626
2020-02-03 22:30:00,620
2020-02-03 22:40:00,656
2020-02-03 22:50:00,676
2020-02-03 23:00:00,658
2020-02-03 23:10:00,640
2020-02-03 23:20:00,652
2020-02-03 23:30:00,640
2020-02-03 23:40:00,636
2020-02-03 23:50:00,634
2020-02-04 00:00:00,318
