,time,Output Power;voltage;Avg,Energy generated (kWh),energy_rolling_avg
0,00-00-00,450.01402504201695,7.3098166871416765,
1,00-01-00,452.9655774789913,7.357759937209929,
2,00-02-00,450.69488537815204,7.32087557330057,
3,00-03-00,448.7325791596631,7.289000795795802,
4,00-04-00,449.29905100840335,7.298202628992641,7.315131124488124
5,00-05-00,446.8559441176469,7.258517788697781,7.304871344799345
6,00-06-00,452.4976347899161,7.350158562653561,7.3033510698880715
7,00-07-00,450.4938318487394,7.317609441714448,7.302697843570845
8,00-08-00,450.56323638655414,7.318736961506957,7.308645076713077
9,00-09-00,448.75386890756306,7.2893464441714375,7.306873839748837
10,00-10-00,447.2540281512608,7.26498353944855,7.308166989898991
11,00-11-00,441.155277815126,7.165918948948944,7.271319067158068
12,00-12-00,445.7540875630242,7.240619911274911,7.25592116107016
13,00-13-00,443.35237201680627,7.201607484302488,7.232495265629266
14,00-14-00,439.17258865546194,7.133712519792514,7.201368480753482
15,00-15-00,439.4830699159663,7.138755902265899,7.176122953316951
16,00-16-00,437.07361201680703,7.099618124488118,7.162862788424786
17,00-17-00,439.0157363865546,7.131164518154502,7.140971709800704
18,00-18-00,440.7932773949587,7.160037937482935,7.132657800436793
19,00-19-00,441.0353551260497,7.163970787605788,7.138709453999448
20,00-20-00,438.0079481512605,7.114795247065237,7.133917322959316
21,00-21-00,435.8751626050418,7.080151262626266,7.130023950586946
22,00-22-00,438.4003554621846,7.121169616434625,7.12802497024297
23,00-23-00,437.4095623529411,7.105074897624896,7.117032362271362
24,00-24-00,436.8969834453788,7.096749662844654,7.103588137319136
25,00-25-00,437.39946773109233,7.1049115806715735,7.101611404040403
26,00-26-00,435.17157537815126,7.068722166257162,7.099325584766582
27,00-27-00,437.3624505882355,7.104309781599772,7.095953617799611
28,00-28-00,435.6533042857138,7.076547477477475,7.090248133770127
29,00-29-00,432.5281176470587,7.025783094458086,7.076054820092814
30,00-30-00,430.17645126050473,6.987583884793868,7.052589280917273
31,00-31-00,430.84515294117637,6.998446535626534,7.038534154791148
32,00-32-00,431.75309756302454,7.0131948225498135,7.020311162981156
33,00-33-00,413.48094907563046,6.7163904900354865,6.948279765492757
34,00-34-00,392.32664336134434,6.3727704013104,6.81767722686322
35,00-35-00,433.8856451260503,7.04783413868413,6.829727277641273
36,00-36-00,432.51392302521015,7.025553179088185,6.835148606333602
37,00-37-00,431.52126647058816,7.009428094458094,6.834395260715259
38,00-38-00,440.647289327731,7.1576675743925735,6.9226506775866765
39,00-39-00,432.2272233613446,7.0208954163254145,7.052275680589679
40,00-40-00,433.0915121008395,7.03493486895987,7.049695826644827
41,00-41-00,436.5415695798319,7.090976298116298,7.062780450450449
42,00-42-00,431.93340840336134,7.0161237755937655,7.0641195866775846
43,00-43-00,438.1368236134452,7.116888614523607,7.055963794703791
44,00-44-00,439.2619871428571,7.135165372645362,7.0788177859677806
45,00-45-00,439.08847521008363,7.13234622304122,7.09830005678405
46,00-46-00,436.1292301680672,7.084278188643174,7.096960434889427
47,00-47-00,435.78577100840295,7.078698841113849,7.109475447993442
48,00-48-00,439.31388739495793,7.136008536718537,7.113299432432429
49,00-49-00,438.24752369747864,7.11868701610701,7.110003761124759
50,00-50-00,437.3241700840332,7.103688240513245,7.1042721646191636
51,00-51-00,442.49741529411756,7.187719856674858,7.1249604982255
52,00-52-00,437.31116336134426,7.103477401037405,7.129916210210212
53,00-53-00,442.0246431092437,7.180040279825281,7.13872255883156
54,00-54-00,444.9008945378152,7.226760884520873,7.160337332514333
55,00-55-00,442.8557293277317,7.193541036036039,7.178307891618891
56,00-56-00,438.8796232773112,7.128954292929287,7.166554778869776
57,00-57-00,435.8172468907563,7.079210554190556,7.161701409500408
58,00-58-00,433.65598193277305,7.044104739284747,7.134514301392301
59,00-59-00,440.16505722689044,7.149834793884796,7.119129083265085
60,01-00-00,440.119395462185,7.149092747747739,7.110239425607425
61,01-01-00,437.6922475630256,7.109667282282284,7.106382023478025
62,01-02-00,438.7693404201681,7.1271630098280045,7.115972514605514
63,01-03-00,443.7035199159669,7.207311579306573,7.1486138826098795
64,01-04-00,442.01786025210043,7.1799308776958775,7.154633099372096
65,01-05-00,440.6684325210086,7.158010772590774,7.156416704340702
66,01-06-00,440.3156205042019,7.1522797897898,7.164939205842207
67,01-07-00,440.26131638655403,7.151398068523076,7.169786217581221
68,01-08-00,444.9692478151262,7.227871546546556,7.173898211029217
69,01-09-00,443.3271426890752,7.201197547092543,7.17815154490855
70,01-10-00,438.5861426890756,7.124187062517065,7.171386802893808
71,01-11-00,442.98390378151225,7.195622433797434,7.1800553316953355
72,01-12-00,429.8824621848736,6.982808978978984,7.146337513786517
73,01-13-00,433.56524689075604,7.0426306906906895,7.109289342615344
74,01-14-00,445.28893647058857,7.233064392574385,7.115662711711711
75,01-15-00,443.2800747899158,7.200433338793329,7.1309119669669645
76,01-16-00,439.15280235294074,7.133392118482117,7.118465903903901
77,01-17-00,435.88572605041963,7.080322899262894,7.137968687960684
78,01-18-00,439.0169551260507,7.1311852402402405,7.155679597870593
79,01-19-00,433.41890613445395,7.040253554463557,7.1171174302484275
80,01-20-00,432.8253207563026,7.030611276276274,7.083153017745016
81,01-21-00,441.9034794117646,7.1780733456183565,7.092089263172264
82,01-22-00,439.22289470588237,7.1345304449904425,7.102930772317774
83,01-23-00,436.798342352941,7.095147166257162,7.095723157521158
84,01-24-00,438.31126789916044,7.119722689052688,7.111616984438984
85,01-25-00,437.4299966386551,7.105408058968058,7.1265763409773415
86,01-26-00,444.09917756302525,7.213739348894348,7.133709541632539
87,01-27-00,444.14146621848727,7.214425874965875,7.149688627627626
88,01-28-00,443.7888803361343,7.208699395304386,7.172399073437072
89,01-29-00,446.25379781512555,7.248737739557736,7.198202083538081
90,01-30-00,440.724532689076,7.158923274638267,7.208905126672123
91,01-31-00,437.4331178151264,7.1054595126945115,7.187249159432154
92,01-32-00,446.9269143697478,7.259671688506685,7.196298322140317
93,01-33-00,416.2673719327731,6.761652695877697,7.106888982254979
94,01-34-00,385.5414744537815,6.262556614796612,6.909652757302754
95,01-35-00,440.1204263865544,7.149110926835912,6.907690287742284
96,01-36-00,440.92589470588223,7.162194320229323,6.919037249249246
97,01-37-00,443.97230336134453,7.211678514878521,6.909438614523613
98,01-38-00,446.595364957983,7.254286644826645,7.007965404313403
99,01-39-00,436.6320584873955,7.092447226317231,7.173943526617526
100,01-40-00,441.8891840336141,7.177842108927093,7.179689763035763
101,01-41-00,441.21741151260534,7.166930016380018,7.180636902265901
102,01-42-00,440.4653342857141,7.1547132978432915,7.169243858858856
103,01-43-00,439.32165436974793,7.13613710483211,7.145613950859949
104,01-44-00,438.906446722689,7.129392526617522,7.153003010920007
105,01-45-00,445.1379789915961,7.230615252525253,7.163557639639639
106,01-46-00,442.3279027731085,7.1849692942942935,7.167165495222494
107,01-47-00,443.58557016806776,7.2053985039585084,7.177302536445538
108,01-48-00,446.5859470588237,7.254134590499593,7.200902033579034
109,01-49-00,446.84476025210097,7.2583398184548145,7.226691491946492
110,01-50-00,441.9524139495802,7.178870885885888,7.216342618618619
111,01-51-00,442.16386016806706,7.1823053235053305,7.215809824460827
112,01-52-00,441.9802421008401,7.17932284193283,7.210594692055691
113,01-53-00,438.87867109243683,7.128942203112205,7.185556214578213
114,01-54-00,438.8592415126053,7.1286263308763225,7.159613517062515
115,01-55-00,439.4563340336133,7.138325312585312,7.1515044024023995
116,01-56-00,440.794593613445,7.160063815178811,7.147056100737096
117,01-57-00,442.0253544537814,7.180055625170625,7.147202657384655
118,01-58-00,443.99729100840307,7.212086344526347,7.163831485667484
119,01-59-00,438.64316999999966,7.125116717171714,7.163129562926562
120,02-00-00,434.1526936974786,7.052175711165709,7.145899642642641
121,02-01-00,437.8250047899155,7.111826736281723,7.136252226863223
122,02-02-00,433.4396869747904,7.040593806988803,7.108359863226861
123,02-03-00,438.2171457142854,7.118196243516249,7.08958184302484
124,02-04-00,440.0151771428575,7.147402646737638,7.094039028938025
125,02-05-00,441.89248655462154,7.177896093366095,7.119183105378101
126,02-06-00,435.52510647058733,7.0744680616980515,7.111711370461367
127,02-07-00,432.13134478991543,7.019341049686036,7.1074608190008135
128,02-08-00,436.2458393277304,7.086174736554741,7.101056517608512
129,02-09-00,434.05038042016815,7.050513469833471,7.081678682227678
130,02-10-00,433.4683773109241,7.041059206934205,7.054311304941301
131,02-11-00,430.47314924369743,6.9924063882063905,7.037898970242969
132,02-12-00,434.3302428571433,7.05505883701884,7.045042527709529
133,02-13-00,429.4286081512607,6.975439441714428,7.022895468741467
134,02-14-00,430.3011151260505,6.98961183046683,7.010715140868139
135,02-15-00,432.53516100840307,7.025900614250614,7.007683422331421
136,02-16-00,436.1795126890756,7.085097674037668,7.026221679497676
137,02-17-00,431.1160892436973,7.0028499003549,7.015779892164888
138,02-18-00,427.3995915966388,6.942481273546266,7.009188258531256
139,02-19-00,432.3133991596638,7.022299103194105,7.01572571307671
140,02-20-00,430.38104840336047,6.990910397215391,7.008727669669666
141,02-21-00,431.4151054621844,7.00770636500136,6.993249407862405
142,02-22-00,427.72875521008416,6.947828291018281,6.98224508599508
143,02-23-00,428.5108875630247,6.960596075621065,6.98586804641004
144,02-24-00,424.7564363025206,6.899609539994527,6.961330133770124
145,02-25-00,429.14950857142844,6.97096852989353,6.957341760305752
146,02-26-00,429.7907834453783,6.981384385749384,6.9520773644553575
147,02-27-00,432.63412260504197,7.027568947583938,6.968025495768488
148,02-28-00,428.7332955462186,6.9642048976248985,6.968747260169256
149,02-29-00,426.3888177310922,6.926122579852571,6.974049868140864
150,02-30-00,426.94871764705834,6.935217470652467,6.966899656292652
151,02-31-00,425.8992514718255,6.912356601146595,6.953094099372093
152,02-32-00,427.40249461732526,6.93675442260443,6.934931194376192
153,02-33-00,430.07204507989957,6.9800806046956,6.938106335790333
154,02-34-00,423.122714297729,6.867235866775856,6.926328993174989
155,02-35-00,425.24047182506246,6.9016063254163145,6.919606764127759
156,02-36-00,423.1626861227925,6.867884654654649,6.91071237482937
157,02-37-00,423.63659924306205,6.87557629675129,6.898476749658743
158,02-38-00,424.40155542472706,6.887991311766314,6.880058891072885
159,02-39-00,424.54496627417996,6.890318847938839,6.884675487305481
160,02-40-00,425.36511354079084,6.903629463554473,6.885080114933113
161,02-41-00,415.3472269133723,6.74104093775594,6.859711371553371
162,02-42-00,422.88114962152997,6.863315861315857,6.857259284466283
163,02-43-00,425.95843372582044,6.913259698334694,6.862312961779961
164,02-44-00,427.0315619007566,6.930675720720715,6.870384336336336
165,02-45-00,426.840551135408,6.927575936390931,6.875173630903627
166,02-46-00,426.9844674516404,6.929911703521696,6.912947784056779
167,02-47-00,423.2893708158115,6.8699409705159695,6.9142728058968
168,02-48-00,419.02340058873,6.800704747474739,6.89176181572481
169,02-49-00,421.5561812447434,6.841811898716898,6.873989051324047
170,02-50-00,423.16599857022743,6.867938315588315,6.862061527163523
171,02-51-00,422.36965206055476,6.855014179634183,6.847082022386021
172,02-52-00,419.3651764507983,6.806252549822543,6.834344338247336
173,02-53-00,424.6152527333894,6.891460073710065,6.8524954034944
174,02-54-00,430.04494407064755,6.979583409773396,6.8800497057057
175,02-55-00,427.8409730025228,6.943813278733275,6.895224698334692
176,02-56-00,426.36209831791416,6.919812386022388,6.908184339612333
177,02-57-00,422.4019451640031,6.8555391209391185,6.918041653835648
178,02-58-00,420.290586291001,6.821271732186727,6.904003985530982
179,02-59-00,418.7908835155587,6.7969319983619965,6.867473703248701
180,03-00-00,422.0658382674512,6.850083736008733,6.848727794703793
181,03-01-00,423.5956703111859,6.874913093093096,6.839747936117933
182,03-02-00,424.08032893187556,6.882779234234234,6.845195958776957
183,03-03-00,420.50246282590405,6.824710434070431,6.845883699153698
184,03-04-00,420.2501853658538,6.82061600464101,6.850620500409501
185,03-05-00,425.05692126050434,6.904430816270809,6.861489916461916
186,03-06-00,421.14105096719896,6.8350743912093845,6.853522176085174
187,03-07-00,419.37985248107634,6.8064905446355475,6.838264438165436
188,03-08-00,420.2547162321275,6.820689879879878,6.837460327327326
189,03-09-00,418.2686898233812,6.788456913731911,6.831028509145506
190,03-10-00,423.02740269133744,6.865689261534259,6.823280198198195
191,03-11-00,423.4815620689653,6.873060596505591,6.830877439257438
192,03-12-00,422.90779941127,6.863748288288287,6.842328987987986
193,03-13-00,419.9086869638356,6.815073824733819,6.841205776958773
194,03-14-00,425.06758099243075,6.898801909636919,6.863274776139775
195,03-15-00,422.84080395290175,6.8626616161616125,6.862669247065246
196,03-16-00,421.042661900757,6.833477500682489,6.854752627900626
197,03-17-00,428.70637661900696,6.957859246519244,6.873574819546816
198,03-18-00,423.8815654331379,6.879552358722347,6.886470526344522
199,03-19-00,422.3963923465095,6.855449045864037,6.877799953589945
200,03-20-00,419.29843120269146,6.805169235599231,6.866301477477469
201,03-21-00,418.02538183347355,6.784507886977872,6.856507554736547
202,03-22-00,414.73060302775383,6.73103392301392,6.811142490035482
203,03-23-00,419.0526601345672,6.801180840840832,6.7954681864591775
204,03-24-00,423.31492968881327,6.870355885885881,6.798449554463547
205,03-25-00,424.0741863751042,6.882678543543547,6.81395141605241
206,03-26-00,419.404189571068,6.806885120120109,6.818426862680857
207,03-27-00,419.11719428090834,6.8022272017471925,6.832665518427513
208,03-28-00,415.082393103448,6.736743304668296,6.819778011193006
209,03-29-00,418.63622153069764,6.794421950586943,6.804591224133217
210,03-30-00,418.9942597140453,6.800231646191641,6.788101844662836
211,03-31-00,416.766093944491,6.764068815178812,6.779538583674577
212,03-32-00,423.3201403700584,6.87044018564018,6.793181180453175
213,03-33-00,423.98003700588674,6.881150171990166,6.822062553917549
214,03-34-00,423.14457535744316,6.8675906688506645,6.836696297570294
215,03-35-00,420.9992971404537,6.832773090363083,6.84320458640458
216,03-36-00,418.5311361648447,6.79271446218946,6.848933715806711
217,03-37-00,418.0594631623214,6.785059684684684,6.831857615615611
218,03-38-00,421.56329554247316,6.8419256852306845,6.824012718263715
219,03-39-00,426.77279470143003,6.926475111930112,6.835789606879605
220,03-40-00,417.5840700588731,6.7773434875784835,6.8247036863226835
221,03-41-00,420.98812573591266,6.83259070980071,6.8326789358449345
222,03-42-00,420.9991217830107,6.832769586404575,6.8422209161889125
223,03-43-00,416.06591084945313,6.752704280644274,6.824376635271631
224,03-44-00,420.42012968881386,6.823372623532613,6.803756137592131
225,03-45-00,418.4080746005044,6.790717214032202,6.806430882882874
226,03-46-00,417.3307597981491,6.7732320038220015,6.794559141687133
227,03-47-00,420.2861617325484,6.821198194103195,6.792244863226857
228,03-48-00,416.2888022708155,6.75632151378651,6.792968309855304
229,03-49-00,418.2147793944497,6.787579354354356,6.785809656019653
230,03-50-00,413.58718772077407,6.71247367594867,6.770160948402946
231,03-51-00,412.75878923465154,6.699029557739552,6.755320459186455
232,03-52-00,414.3333027754417,6.724583629538634,6.735997546273543
233,03-53-00,418.30829243061385,6.789097590772593,6.742552761670761
234,03-54-00,415.0193190075695,6.735717701337707,6.732180431067431
235,03-55-00,416.30202708158043,6.756535758940759,6.740992847665849
236,03-56-00,416.8564503784691,6.765534488124489,6.754293833742837
237,03-57-00,414.7388789739282,6.73116588179088,6.755610284193286
238,03-58-00,412.2840047939448,6.691323820638826,6.736055530166533
239,03-59-00,412.89492043734185,6.70123872918373,6.7291597357357364
240,04-00-00,408.50223204373395,6.629946374556368,6.703841858858858
241,04-01-00,411.0845847771237,6.671857541632534,6.685106469560468
242,04-02-00,412.77728385197645,6.699329164619164,6.678739126126125
243,04-03-00,411.5853622371739,6.679983996723992,6.676471161343157
244,04-04-00,412.74791993271674,6.69885293202294,6.675994001910999
245,04-05-00,409.40410243902477,6.644583149058152,6.678921356811356
246,04-06-00,411.86725172413816,6.684558977613974,6.681461644007643
247,04-07-00,415.6179784693016,6.745432455637449,6.690682302211302
248,04-08-00,420.0471751051296,6.817317992082996,6.718149101283101
249,04-09-00,415.6220677880572,6.7454991646191615,6.7274783478023465
250,04-10-00,411.71563414634113,6.682098390663387,6.734981396123393
251,04-11-00,414.94649091673693,6.734534545454531,6.744976509691504
252,04-12-00,413.6035945332205,6.712739299754297,6.738437878514874
253,04-13-00,414.79931858704816,6.732146491946487,6.721403578487572
254,04-14-00,416.92919058031947,6.7667135694785685,6.725646459459453
255,04-15-00,420.2442402018495,6.8205165015014995,6.753330081627077
256,04-16-00,417.08738132884775,6.769280909090917,6.7602793543543545
257,04-17-00,410.3878213624894,6.660548022113024,6.749841098826098
258,04-18-00,411.12496038687954,6.672511446901445,6.737914089817091
259,04-19-00,409.167631455004,6.640744453999453,6.712720266721267
260,04-20-00,411.4509335576107,6.67780202156702,6.684177370734372
261,04-21-00,412.93639335576154,6.701910930930928,6.6707033751023745
262,04-22-00,413.1571010092513,6.7054923314223265,6.679692236964234
263,04-23-00,409.37712195121946,6.644144236964238,6.674018794976793
264,04-24-00,408.19088393608104,6.624891534261534,6.6708482110292096
265,04-25-00,408.4079003364168,6.628414168714164,6.660970640458638
266,04-26-00,410.6624947014299,6.665005204750203,6.653589495222493
267,04-27-00,409.466831202691,6.645600378105372,6.641611104559102
268,04-28-00,413.59687148864595,6.712630233415229,6.6553083038493
269,04-29-00,409.08077502102606,6.639335002729995,6.658196997542992
270,04-30-00,413.7484212783848,6.715090133770116,6.675532190554184
271,04-31-00,411.2665582001681,6.6748101187551105,6.677493173355165
272,04-32-00,410.074964255677,6.655470101010105,6.679467117936111
273,04-33-00,411.4382644238852,6.6775967676767545,6.672460424788416
274,04-34-00,407.33210513036187,6.610954931749925,6.666784410592402
275,04-35-00,405.4040249789741,6.5796621840021805,6.639698820638816
276,04-36-00,403.0989589571066,6.542251294021285,6.61318705569205
277,04-37-00,407.3633089991587,6.611461101556101,6.604385255801249
278,04-38-00,405.43430462573644,6.580153909363905,6.58489668413868
279,04-39-00,404.1049841883932,6.558579604149611,6.574421618618617
280,04-40-00,407.700722876367,6.616938303303298,6.58187684247884
281,04-41-00,409.6098661059713,6.647922470652472,6.603011077805078
282,04-42-00,408.217315811606,6.625322028392024,6.6057832631722615
283,04-43-00,408.24641152228764,6.625794368004363,6.614911354900355
284,04-44-00,403.65118948696374,6.5512146014196,6.613438354354351
285,04-45-00,402.8822211101762,6.53873454272453,6.597797602238598
286,04-46-00,401.8500747687122,6.521982435162439,6.572609595140591
287,04-47-00,397.82618730025285,6.456675888615887,6.538880367185364
288,04-48-00,400.1880235492008,6.495008150423145,6.5127231236691205
289,04-49-00,404.94968957106806,6.572288671853667,6.516937937755934
290,04-50-00,401.04657577796445,6.508942093912088,6.510979447993445
291,04-51-00,402.01339201009284,6.524633416598404,6.511509644280639
292,04-52-00,395.25064726661117,6.414875629265631,6.503149592410587
293,04-53-00,393.12808006728415,6.380426236691235,6.480233209664204
294,04-54-00,396.32998343145454,6.432392358722361,6.452253947037944
295,04-55-00,392.3519419680404,6.3678294703794736,6.424031422331422
296,04-56-00,393.4352065601342,6.3854105187005175,6.396186842751844
297,04-57-00,399.63658418839356,6.486057730002725,6.410423262899263
298,04-58-00,401.7052835996636,6.519632882882877,6.438264592137591
299,04-59-00,399.7661857022707,6.488161388206384,6.449418398034396
300,05-00-00,407.2283747687134,6.609271693966678,6.497706842751836
301,05-01-00,400.8066915054666,6.505048441168438,6.521634427245419
302,05-02-00,401.9836292682929,6.5241502020201905,6.529252921648913
303,05-03-00,402.2150265769545,6.5279057234507185,6.530907489762481
304,05-04-00,403.1082463414627,6.542402295932291,6.541755671307664
305,05-05-00,396.0560444070644,6.427945854490863,6.5054905034125
306,05-06-00,394.42271202691325,6.401437574392566,6.484768330057326
307,05-07-00,398.13301631623233,6.461655462735455,6.472269382200379
308,05-08-00,399.9259179142135,6.490754357084356,6.464839108927106
309,05-09-00,398.97070016820896,6.475251059241049,6.451408861588857
310,05-10-00,403.17265584524864,6.5434477968877856,6.474509250068242
311,05-11-00,400.895413288478,6.506488675948661,6.4955194703794605
312,05-12-00,402.14045794785505,6.526695824460815,6.508527542724534
313,05-13-00,400.73588216989066,6.503899530439527,6.5111565773955675
314,05-14-00,409.4832569386039,6.645868641823627,6.545280093912083
315,05-15-00,410.1987221194281,6.657480544635536,6.568086643461633
316,05-16-00,406.63552867956264,6.599650004095001,6.586718909090901
317,05-17-00,406.8890159798157,6.60376431340431,6.6021326068796
318,05-18-00,408.5278169049623,6.630361638001639,6.627425028392023
319,05-19-00,403.92884592094146,6.555720225225226,6.609395345072343
320,05-20-00,410.4222122792261,6.66110661752661,6.610120559650556
321,05-21-00,405.8720619007571,6.587258603603608,6.6076422795522785
322,05-22-00,406.1854985702268,6.592345640185637,6.605358544908543
323,05-23-00,405.27676989066424,6.5775966803166845,6.594805553371553
324,05-24-00,410.186103952902,6.6572744662844645,6.615116401583402
325,05-25-00,405.06171000841005,6.574105896805896,6.597716257439258
326,05-26-00,408.2550820857862,6.625933973518979,6.605451331422333
327,05-27-00,405.75064962153056,6.585287199017198,6.604039643188645
328,05-28-00,406.66117510513004,6.60006512421512,6.6085333319683315
329,05-29-00,409.67066021867095,6.648908129948122,6.606860064701064
330,05-30-00,407.81891841883976,6.618855384930388,6.615809962325962
331,05-31-00,405.45740529857,6.580527712257704,6.606728710073706
332,05-32-00,412.15694777123593,6.689260851760842,6.6275234406224355
333,05-33-00,409.13064339781357,6.64014375238875,6.635539166257161
334,05-34-00,411.0074256518078,6.670603265083261,6.639878193284188
335,05-35-00,404.6578666105975,6.567550820365822,6.629617280371276
336,05-36-00,407.71527796467694,6.617172392847392,6.636946216489212
337,05-37-00,404.9690162321279,6.572601515151521,6.613614349167349
338,05-38-00,405.9690116904962,6.5888304559104585,6.603351689871691
339,05-39-00,408.7864966358281,6.634558007098003,6.59614263827464
340,05-40-00,405.0473568544993,6.57387197515697,6.597406869232868
341,05-41-00,412.6512069806559,6.697281640731631,6.6134287188097165
342,05-42-00,412.9499290159801,6.702130345345341,6.639334484848481
343,05-43-00,409.1447476030279,6.640372638547645,6.649642921375917
344,05-44-00,412.27008427249774,6.691096363636361,6.660950592683589
345,05-45-00,408.35621698906687,6.62757484575483,6.6716911668031615
346,05-46-00,407.7906191757781,6.618395631995626,6.6559139650559604
347,05-47-00,408.3484665264931,6.627449564564558,6.6409778088998035
348,05-48-00,407.6316865433136,6.615816539721534,6.636066589134582
349,05-49-00,403.0900990748531,6.542106552006544,6.606268626808618
350,05-50-00,403.5505111017662,6.549579706524695,6.590669598962592
351,05-51-00,403.42624423885627,6.547562750477737,6.576503022659014
352,05-52-00,401.59217047939444,6.51779609746109,6.5545723292383204
353,05-53-00,402.11906072329725,6.526347776412773,6.536678576576568
354,05-54-00,404.80104020185104,6.569876040131025,6.542232474201464
355,05-55-00,406.9113518923469,6.604125899535892,6.553141712803703
356,05-56-00,407.907784608915,6.620297915642914,6.567688745836739
357,05-57-00,403.093092514718,6.542156227136221,6.572560771771765
358,05-58-00,403.9824640033643,6.556590657930663,6.578609348075344
359,05-59-00,409.00838057190896,6.638161511056504,6.5922664422604385
360,06-00-00,409.6744870479392,6.648972111657104,6.601235684684681
361,06-01-00,409.7539091673674,6.650260904995897,6.607228282555278
362,06-02-00,414.0758162321278,6.720405167895159,6.642878070707066
363,06-03-00,410.9236267451639,6.669245434070424,6.665409025935017
364,06-04-00,413.6826081581163,6.714023382473378,6.680581400218392
365,06-05-00,412.8407089991591,6.700359419874419,6.690858861861855
366,06-06-00,413.5991710681241,6.712669234234224,6.703340527709521
367,06-07-00,419.3863449957943,6.806593996723992,6.720578293475287
368,06-08-00,411.788093776282,6.683275640185627,6.723384334698328
369,06-09-00,415.31230782169905,6.740472409227399,6.728674140049132
370,06-10-00,411.98902590412024,6.686536668031663,6.7259095896805805
371,06-11-00,412.8289060555089,6.70016749931749,6.723409242697234
372,06-12-00,416.81627804878036,6.764882179907181,6.715066879333873
373,06-13-00,414.6771133725826,6.730163872508868,6.72444452579852
374,06-14-00,412.0400594617325,6.687365421785409,6.713823128310122
375,06-15-00,418.47551766190134,6.791811830466834,6.734878160797156
376,06-16-00,411.1715765349035,6.6732699140049085,6.729498643734641
377,06-17-00,412.6207750210258,6.696790066885057,6.715880221130215
378,06-18-00,409.43702010092505,6.645118174993166,6.698871081627075
379,06-19-00,409.1721378469299,6.6408191496041455,6.689561827190822
380,06-20-00,405.3246786375105,6.578375788970784,6.646874618891613
381,06-21-00,406.91507510513003,6.604187200382196,6.63305807616707
382,06-22-00,411.7025815811605,6.6818886882336805,6.630077800436794
383,06-23-00,406.43985643397826,6.5964748525798464,6.620349135954131
384,06-24-00,407.79079957947874,6.618400185640179,6.615865343161337
385,06-25-00,407.9725827586205,6.621351064701049,6.62446039830739
386,06-26-00,410.24278250630744,6.6581956142506105,6.635262081081073
387,06-27-00,407.2312555929354,6.609319542724542,6.620748251979245
388,06-28-00,406.8177463414626,6.602608172263169,6.621974915915911
389,06-29-00,409.06202674516436,6.639033008463002,6.626101480480474
390,06-30-00,410.9641039529015,6.669903075348071,6.635811882609879
391,06-31-00,405.2203647603031,6.576683759213758,6.619509511602509
392,06-32-00,408.9641576955431,6.637444583674578,6.625134519792516
393,06-33-00,409.09874735071514,6.639628928473915,6.6325386710346645
394,06-34-00,408.53644280908253,6.630502993447985,6.630832668031661
395,06-35-00,412.0977180824227,6.688301653016654,6.634512383565378
396,06-36-00,409.669279478553,6.64888812585312,6.64895325689325
397,06-37-00,410.3285814970562,6.659588801528796,6.6533821004640945
398,06-38-00,412.3676925147182,6.692683303303297,6.66399297542997
399,06-39-00,407.81734760302714,6.618832223587217,6.661658821457817
400,06-40-00,404.08610908326307,6.558274576849568,6.6356534062243995
401,06-41-00,411.7350167367533,6.6824158831558735,6.642358957684951
402,06-42-00,408.5000846089149,6.629913004367983,6.636423798252787
403,06-43-00,407.9015755256519,6.6201993284193135,6.6219270032759905
404,06-44-00,404.47120168208636,6.564524530439528,6.611065464646453
405,06-45-00,409.3068258200166,6.643006135681122,6.628011776412764
406,06-46-00,407.8326494533219,6.619080742560735,6.615344748293737
407,06-47-00,405.8268739276698,6.5865273969423965,6.606667626808618
408,06-48-00,411.9299273338937,6.685578307398304,6.619743422604418
409,06-49-00,410.0923345668624,6.6557547406497335,6.6379894646464574
410,06-50-00,412.5722223717411,6.696002403767401,6.6485887182637144
411,06-51-00,410.83725576114364,6.667845491400486,6.658341668031665
412,06-52-00,414.9153511354077,6.734031654381656,6.687842519519516
413,06-53-00,408.1289003364172,6.6238878323778225,6.675504424515419
414,06-54-00,412.37230740117695,6.692758685503683,6.68290521348621
415,06-55-00,409.9430097560973,6.65333141277641,6.674371015288012
416,06-56-00,404.42732565180887,6.563812283647279,6.65356437373737
417,06-57-00,408.02732565180804,6.622239144144136,6.6312058716898665
418,06-58-00,413.72273767872184,6.714675526890516,6.649363410592405
419,06-59-00,417.09040958788904,6.769331831831835,6.6646780398580345
420,07-00-00,415.73153658536575,6.747277723177708,6.683467301938295
421,07-01-00,413.68831968040377,6.714115735735742,6.713527992355988
422,07-02-00,413.89790370058864,6.717517695877692,6.732583702702698
423,07-03-00,416.01455744322925,6.751871334971334,6.740022864318862
424,07-04-00,418.07791480235454,6.785358815178807,6.743228260988256
425,07-05-00,415.4529679562658,6.742755984165971,6.742323913185909
426,07-06-00,408.8903830109339,6.636246158886156,6.7267499978159915
427,07-07-00,412.66293961312016,6.697474636909631,6.7227413860223795
428,07-08-00,412.28302741799786,6.69130827600327,6.710628774228766
429,07-09-00,414.5050414634152,6.72737138547639,6.699031288288284
430,07-10-00,415.3671761143818,6.7413632063882005,6.69875273273273
431,07-11-00,413.594177460051,6.712588308763311,6.714021162708161
432,07-12-00,408.3246895710679,6.627064251979244,6.699939085722083
433,07-13-00,412.6930691337259,6.697962566202557,6.7012699437619405
434,07-14-00,418.5485717409585,6.792996343161339,6.714394935298931
435,07-15-00,417.00865946173246,6.768004167349165,6.7197231274911235
436,07-16-00,418.25569621530707,6.788243258258255,6.734854117390112
437,07-17-00,417.7176528174938,6.779511348621349,6.765343536718532
438,07-18-00,417.3172332211941,6.773012590772581,6.780353541632538
439,07-19-00,416.24003717409556,6.75552982118481,6.772860237237232
440,07-20-00,417.5314571068124,6.776489758394762,6.774557355446352
441,07-21-00,421.04104356602153,6.83344963281463,6.783598630357626
442,07-22-00,419.42774121110233,6.807265683865677,6.789149497406491
443,07-23-00,420.27911522287616,6.821083101283095,6.798763599508595
444,07-24-00,415.2434169049621,6.739355169260162,6.795528669123665
445,07-25-00,421.55042010092546,6.841716913731903,6.808574100191093
446,07-26-00,420.4700121110173,6.8241819410319255,6.8067205618345525
447,07-27-00,416.2913018502944,6.756361351351341,6.796539695331686
448,07-28-00,426.21060294364986,6.917350571935561,6.815793189462179
449,07-29-00,432.23854751892327,7.015183767403765,6.870958909090899
450,07-30-00,428.00259848612285,6.946433935298925,6.891902313404303
451,07-31-00,430.6899394449117,6.99004924242423,6.9250757736827655
452,07-32-00,432.2658275862062,7.015625475020478,6.976928598416592
453,07-33-00,431.1191963835156,6.997016218946209,6.992861727818722
454,07-34-00,432.80676997476775,7.024405943215928,6.994706162981155
455,07-35-00,431.67356063919215,7.006013256893255,7.00662202730002
456,07-36-00,429.6587238015141,6.973313452088444,7.003274869232864
457,07-37-00,426.7912835996636,6.92677516243515,6.985504806715798
458,07-38-00,421.9745465096716,6.848599310674304,6.955821425061416
459,07-39-00,421.8762439865439,6.8470043857493765,6.9203411135681066
460,07-40-00,420.8264543313708,6.829966221676215,6.885131706524698
461,07-41-00,412.09313725820004,6.6882261411411355,6.828114244335237
462,07-42-00,415.2035462573599,6.7387075402675185,6.7905007199017104
463,07-43-00,422.3980532380156,6.85547347392847,6.7918755525525425
464,07-44-00,418.963260218671,6.7997272686322665,6.782420129129122
465,07-45-00,417.60690176618965,6.777713217308213,6.771969528255521
466,07-46-00,424.1178921783017,6.883386837291836,6.811001667485661
467,07-47-00,427.3418303616483,6.9357107534807385,6.850402310128304
468,07-48-00,420.805952649285,6.829633843843842,6.845234384111379
469,07-49-00,426.1152667788057,6.915802357357328,6.868449401856391
470,07-50-00,424.3314448275859,6.886852285012276,6.890277215397203
471,07-51-00,429.0299832632464,6.963109078624066,6.906221663663651
472,07-52-00,430.9231539108496,6.993834862134852,6.917846485394472
473,07-53-00,429.41518343145475,6.9693603153153045,6.945791779688766
474,07-54-00,428.08344928511315,6.947747055692045,6.952180719355708
475,07-55-00,431.7469291841887,7.007204332514331,6.97625112885612
476,07-56-00,426.00266610597214,6.913975589680578,6.966424431067422
477,07-57-00,430.98616013456655,6.994857059787057,6.966628870597863
478,07-58-00,431.6021835996635,7.00485532760032,6.973727873054867
479,07-59-00,429.29723658536597,6.967486976521969,6.97767585722085
480,08-00-00,431.9020293523967,7.009781779961763,6.978191346710338
481,08-01-00,427.8515519764503,6.94404346573846,6.984204921921913
482,08-02-00,427.84268873002526,6.943898959868947,6.974013301938292
483,08-03-00,419.2708251471824,6.804778759213757,6.9339979882609795
484,08-04-00,419.8302085786374,6.813857379197371,6.903272068796059
485,08-05-00,417.87392506307805,6.782107285012276,6.857737169806162
486,08-06-00,415.7933883936081,6.748339602784592,6.818596397215389
487,08-07-00,412.8891679562656,6.701204782964774,6.7700575618345535
488,08-08-00,414.1053770395291,6.720943888888881,6.753290587769579
489,08-09-00,415.3691986543312,6.741454937209932,6.738810099372091
490,08-10-00,420.5726609756101,6.825906216216211,6.747569885612878
491,08-11-00,412.60490092514664,6.696589636909637,6.737219892437887
492,08-12-00,420.1820777123633,6.819565910455909,6.760892117936114
493,08-13-00,421.330151387721,6.838199185094185,6.784343177177175
494,08-14-00,421.4031927670309,6.83938417826917,6.8039290253890226
495,08-15-00,422.5280338940286,6.857639980889977,6.810275778323776
496,08-16-00,424.18551135407887,6.88454042178542,6.847865935298932
497,08-17-00,423.9807259041212,6.881217119847116,6.8601961771771744
498,08-18-00,421.6518527333894,6.843419773409762,6.861240294840289
499,08-19-00,428.75004970563475,6.9586227081627055,6.885088000818996
500,08-20-00,429.55164314550007,6.971632316407317,6.907886467922464
501,08-21-00,426.7841509672,6.926716556101556,6.916321694785691
502,08-22-00,423.64196484440765,6.8757191509691555,6.915222101010099
503,08-23-00,426.3233422203529,6.919236863226858,6.930385518973519
504,08-24-00,424.5657460050464,6.890711677586672,6.9168033128583115
505,08-25-00,427.33742373737397,6.929861526071531,6.908449154791154
506,08-26-00,436.15308804713794,7.072818367458365,6.937669517062515
507,08-27-00,432.5007061447808,7.013590915915912,6.965243870051867
508,08-28-00,436.44463838383814,7.0775469396669335,6.996905885339883
509,08-29-00,432.19592146464663,7.008648585858576,7.020493266994263
510,08-30-00,432.7533760101011,7.017688701883692,7.038058702156695
511,08-31-00,430.830299074074,6.986503088998095,7.0207956464646415
512,08-32-00,427.92831195286163,6.939443884793875,7.005966240240234
513,08-33-00,426.9726468855216,6.923947634452628,6.975246379197374
514,08-34-00,428.2819638047138,6.945179630084629,6.962552588042584
515,08-35-00,430.74083207070737,6.985053513513501,6.956025550368546
516,08-36-00,433.55319545454495,7.0306579183729045,6.964856516243508
517,08-37-00,429.9530532828284,6.97227718946219,6.97142317717717
518,08-38-00,433.55400487804866,7.036589819819813,6.993951614250608
519,08-39-00,436.61525407905873,7.0862741154791165,7.022170511329504
520,08-40-00,436.1041248948696,7.077978071253069,7.040755422877419
521,08-41-00,429.09440967199345,6.964211647556641,7.027466168714166
522,08-42-00,428.1998624579126,6.943849182364185,7.021780567294565
523,08-43-00,428.50289124579103,6.948762189462196,7.004215041223041
524,08-44-00,432.2915319023562,7.010199144144144,6.989000046956046
525,08-45-00,431.952263468013,7.004697104832098,6.9743438536718525
526,08-46-00,430.0143225589222,6.973270698880689,6.9761556639366615
527,08-47-00,430.9667654040399,6.988715229320235,6.985128873327872
528,08-48-00,430.8995027777778,6.98762518837018,6.99290147310947
529,08-49-00,434.0401036195284,7.03855465601964,6.998572575484568
530,08-50-00,438.90710210614975,7.111488447993433,7.0199308441168355
531,08-51-00,435.0658373209776,7.04924917963418,7.035126540267534
532,08-52-00,432.34373883740506,7.005144683319678,7.038412431067423
533,08-53-00,429.2136404721749,6.948569750204754,7.030601343434337
534,08-54-00,431.0451261603373,6.972334556374562,7.017357323505321
535,08-55-00,432.88614430379755,7.002114537264537,6.995482541359541
536,08-56-00,429.68098025316436,6.950269059514066,6.97568651733552
537,08-57-00,439.34409273648635,7.100575521430509,6.9947726849576854
538,08-58-00,434.54057930743204,7.022944196014192,7.009647574119573
539,08-59-00,426.8121432432427,6.898040203385199,6.994788703521701
540,09-00-00,432.88059197635135,6.996115827190822,6.993588961506957
541,09-01-00,434.74604966216174,7.026263663663661,7.008787882336877
542,09-02-00,431.4408860641894,6.972849211029208,6.9832426202566165
543,09-03-00,439.52565701013503,7.103510839475836,6.999355948948946
544,09-04-00,441.5083389358106,7.135554284739283,7.0468587652197625
545,09-05-00,442.48663581081075,7.151365188370192,7.077908637455636
546,09-06-00,442.2555992398653,7.147631386841386,7.102182182091181
547,09-07-00,443.70777998310786,7.171100657930652,7.14183247147147
548,09-08-00,448.38514070946,7.246695023205013,7.170469308217305
549,09-09-00,442.39954670608086,7.149957615342627,7.173349974337974
550,09-10-00,442.45761722972975,7.150896079716076,7.17325615260715
551,09-11-00,446.943756297549,7.217297650832658,7.187189405405405
552,09-12-00,441.95015342349905,7.136661317226311,7.180301537264538
553,09-13-00,447.0661855452244,7.219274903084898,7.174817513240514
554,09-14-00,449.5940944209634,7.260095607425599,7.196845111657109
555,09-15-00,459.2319218934908,7.415726657111657,7.249811227136225
556,09-16-00,457.81287345731215,7.392776916461911,7.284907080262076
557,09-17-00,457.14284336432775,7.381939140049136,7.33396264482664
558,09-18-00,458.02062138630606,7.3961130084630105,7.3693302659022635
559,09-19-00,446.4672736263736,7.2095496969697015,7.359221083811083
560,09-20-00,453.7492668639054,7.327138688233687,7.34150349003549
561,09-21-00,455.19601555367666,7.350501416871409,7.333048390117389
562,09-22-00,454.03993989856286,7.331833173628161,7.323027196833193
563,09-23-00,460.56239611158156,7.4371573027572975,7.331236055692051
564,09-24-00,454.79643815566874,7.337841053781055,7.356894327054322
565,09-25-00,450.6257776649744,7.270551683046673,7.3455769260169195
566,09-26-00,448.7254410321487,7.239890712530709,7.323454785148779
567,09-27-00,454.75543891708907,7.337181092001092,7.324524368823366
568,09-28-00,449.092715495343,7.239686554736551,7.285030219219216
569,09-29-00,453.9715922588837,7.324533652061141,7.282368738875233
570,09-30-00,458.3251554991538,7.3947740322140225,7.307213208708703
571,09-31-00,454.1239515228422,7.326990529620538,7.324633172126669
572,09-32-00,453.5179096446695,7.317212869232862,7.320639527573023
573,09-33-00,454.6598509306258,7.335637458367464,7.339829708299206
574,09-34-00,458.3634682741121,7.395391841386834,7.354001346164344
575,09-35-00,455.987775126903,7.357062627627631,7.346459065247066
576,09-36-00,454.10764881556645,7.326728221403223,7.346406603603603
577,09-37-00,450.2454595600678,7.26441378651378,7.335846787059786
578,09-38-00,456.45847199661574,7.364656078351081,7.34165051105651
579,09-39-00,456.7965886536829,7.363876177996178,7.335347378378378
580,09-40-00,456.82690330228627,7.364364867594875,7.336807826371827
581,09-41-00,461.0098672311603,7.431797836472832,7.357821749385749
582,09-42-00,467.10043683319196,7.529981195741202,7.4109352312312335
583,09-43-00,466.8461777307368,7.525882641277642,7.4431805438165455
584,09-44-00,464.3793121930569,7.48611519383019,7.467628346983348
585,09-45-00,465.06711659610534,7.497202499317487,7.494195873327871
586,09-46-00,462.9340568162571,7.462816108381109,7.500399527709526
587,09-47-00,462.1688634208301,7.45048119164618,7.484499526890522
588,09-48-00,455.2546813717189,7.33901967649467,7.447126933933927
589,09-49-00,461.4629124470787,7.439100693420702,7.43772403385203
590,09-50-00,460.4580058425062,7.422900955500951,7.422863725088722
591,09-51-00,454.5094443220339,7.320802192192197,7.39446094185094
592,09-52-00,453.04098949152524,7.297149866229871,7.363794676767678
593,09-53-00,455.19462584745713,7.331838472563477,7.36235843598144
594,09-54-00,452.9243060169497,7.295271146601148,7.333592526617528
595,09-55-00,449.7243310432565,7.237589112749105,7.296530158067159
596,09-56-00,453.02605572519036,7.290726000546007,7.290514919737921
597,09-57-00,458.34564283290894,7.3763356251706265,7.306352071526073
598,09-58-00,461.3824029686179,7.425207680862679,7.325025913185914
599,09-59-00,455.388661323155,7.328748497133493,7.331721383292381
600,10-00-00,461.99543511450423,7.435073407043413,7.371218242151244
601,10-01-00,463.0723180661578,7.4524039107289175,7.403553824187826
602,10-02-00,462.71207116200196,7.446606908271909,7.417608080808082
603,10-03-00,464.4626865988127,7.474779717444705,7.427522488124488
604,10-04-00,460.516018999152,7.411264477204471,7.4440256841386825
605,10-05-00,462.28707294317223,7.439768349713348,7.444964672672671
606,10-06-00,461.50081543681085,7.427114747474744,7.439906840021836
607,10-07-00,464.0156289228158,7.467587025662017,7.444102863499857
608,10-08-00,473.47890050890584,7.61988291564291,7.473123503139499
609,10-09-00,466.4553985593218,7.513217350532348,7.493514077805074
610,10-10-00,462.94036076271226,7.456601165711177,7.49688064100464
611,10-11-00,464.24936491525466,7.477685728910721,7.506994837291835
612,10-12-00,464.2730771186438,7.478067175812166,7.509090867321865
613,10-13-00,459.3478637288134,7.398736878241869,7.464861659841657
614,10-14-00,468.48608347457684,7.5459269642369655,7.471403582582579
615,10-15-00,474.9056839830504,7.649327376467375,7.509948824733819
616,10-16-00,471.5502520338977,7.595281113841122,7.5334679017198996
617,10-17-00,465.6389111016948,7.500067074802071,7.53786788151788
618,10-18-00,475.83601855932164,7.664312680862694,7.590983042042045
619,10-19-00,469.2641975423726,7.558460496860488,7.593489748566751
620,10-20-00,471.36415245762674,7.592284114114113,7.582081096096097
621,10-21-00,472.205884915254,7.605842424242424,7.584193358176359
622,10-22-00,467.045454830508,7.522722781872784,7.5887244995905005
623,10-23-00,464.5658870338983,7.4827844635544665,7.552418856128855
624,10-24-00,462.59092237288144,7.450973993994004,7.530921555555558
625,10-25-00,474.2906363559329,7.639421087906098,7.540348950313955
626,10-26-00,467.34610762711844,7.527564307944313,7.524693327054334
627,10-27-00,461.9423379134856,7.434220793065794,7.5069929292929345
628,10-28-00,460.4965553011028,7.410953576303574,7.4926267518427565
629,10-29-00,465.30506497031405,7.488338412503417,7.500099635544639
630,10-30-00,460.4576537743849,7.410328075348083,7.454281033033036
631,10-31-00,462.90754478371497,7.449754291564293,7.438719029757033
632,10-32-00,474.0012163698046,7.628289026754023,7.477532676494678
633,10-33-00,469.9381652542375,7.569315227955218,7.509205006825006
634,10-34-00,466.0956955932203,7.507425263445252,7.513022377013374
635,10-35-00,461.5882166101698,7.434822301392314,7.517921222222219
636,10-36-00,466.73806694915334,7.5177710005460066,7.531524564018563
637,10-37-00,475.0783940677967,7.652108808353813,7.536288520338521
638,10-38-00,473.61887940677923,7.628599993175003,7.548145473382478
639,10-39-00,478.8741672033899,7.713248090363082,7.589310038766044
640,10-40-00,478.3939527118645,7.705512320502311,7.643448042588043
641,10-41-00,482.5012187288129,7.771668632268644,7.69422756893257
642,10-42-00,474.9264038167933,7.64317755664756,7.692441318591319
643,10-43-00,479.6603481764211,7.7193631190281184,7.710593943761943
644,10-44-00,484.5262577608147,7.797672104832103,7.727478746655747
645,10-45-00,480.95537913485924,7.740204380289384,7.734417158613162
646,10-46-00,471.8637446140789,7.5938891127491175,7.698861254709257
647,10-47-00,482.1290977099239,7.759093463008468,7.72204443598144
648,10-48-00,472.4712383375741,7.603666946491946,7.698905201474204
649,10-49-00,484.73931560644644,7.801101263991265,7.699591033306037
650,10-50-00,482.04161594571644,7.757685731640734,7.703087303576306
651,10-51-00,482.79660135708224,7.769835771225778,7.738276635271639
652,10-52-00,484.6680455470724,7.799954627354627,7.746448868140869
653,10-53-00,485.90405148430835,7.819845566475579,7.789684592137597
654,10-54-00,488.9243139100933,7.868451633906636,7.803154666120671
655,10-55-00,494.83003019508027,7.9634951173901145,7.844316543270547
656,10-56-00,486.865755131467,7.8353228842478915,7.857413965874969
657,10-57-00,490.05198439355337,7.886600475020486,7.874743135408141
658,10-58-00,496.9876666666666,7.9982182186732205,7.910417665847669
659,10-59-00,496.9304650551315,7.997298405678413,7.936187020202024
660,11-00-00,490.18144668930387,7.881992317772318,7.919886460278465
661,11-01-00,486.6702983022065,7.825534683319679,7.917928820092823
662,11-02-00,494.21201332767384,7.9468030985531,7.929969344799346
663,11-03-00,502.3321432088289,8.077372650832642,7.94580023123123
664,11-04-00,495.53533870967686,7.968081354081345,7.939956820911817
665,11-05-00,497.5408398132427,8.000330120120125,7.963624381381379
666,11-06-00,491.58623870967625,7.904581752661769,7.979433795249795
667,11-07-00,489.58063820033954,7.872331683046673,7.9645395121485105
668,11-08-00,494.0971646010189,7.94495597188098,7.938056176358178
669,11-09-00,494.2033513582341,7.946664183729188,7.933772742287746
670,11-10-00,494.7539709677418,7.95551723450725,7.924810165165172
671,11-11-00,488.5533748726651,7.855814333879327,7.915056681408683
672,11-12-00,487.2788588285224,7.835320451815476,7.907654435162444
673,11-13-00,491.1211327952424,7.890399414414411,7.89674312366913
674,11-14-00,482.9180094387747,7.752015778050778,7.857813442533448
675,11-15-00,481.4011870748301,7.727667915642908,7.812243578760581
676,11-16-00,492.92677517006763,7.912681523341527,7.82361701665302
677,11-17-00,497.2659974489792,7.982335894075905,7.853020105105105
678,11-18-00,492.0624159013611,7.898806154791141,7.854701453180451
679,11-19-00,498.52832795242125,8.00940419737919,7.906179137046135
680,11-20-00,497.11152914188546,7.986643948948954,7.957974343707344
681,11-21-00,496.92369260832555,7.983625498225503,7.97216313868414
682,11-22-00,490.18808283772245,7.875410794430786,7.950778118755115
683,11-23-00,483.3669587085803,7.7658234493584395,7.924181577668574
684,11-24-00,494.29829141886137,7.941446602511607,7.910590058695059
685,11-25-00,506.1412259133385,8.131716113841122,7.939604491673492
686,11-26-00,501.95384927782493,8.064441228501222,7.955767637728636
687,11-27-00,503.9845921835169,8.097067300027312,8.000098938847941
688,11-28-00,501.2621197960914,8.053327926562933,8.057599834288839
689,11-29-00,496.5344948173326,7.977373959868956,8.064785305760308
690,11-30-00,488.99827349192816,7.856296478296473,8.00970137865138
691,11-31-00,494.1753357689045,7.939472233142236,7.984707579579582
692,11-32-00,499.21651801189495,8.020463518973521,7.969386823368824
693,11-33-00,504.48339481733154,8.1050818018018,7.979737598416598
694,11-34-00,506.21598317757014,8.132918411138423,8.010846488670492
695,11-35-00,503.3756912414967,8.080414373464372,8.05567006770407
696,11-36-00,513.8017028061222,8.247777534807524,8.117331128037128
697,11-37-00,507.61102270408196,8.148402649467654,8.142918954135954
698,11-38-00,508.28695199660194,8.166189858039871,8.155140565383569
699,11-39-00,505.22735636672263,8.123930574665572,8.153342998088998
700,11-40-00,507.82042198641835,8.165626774501778,8.17038547829648
701,11-41-00,505.0726872665533,8.121444997269991,8.145118970788975
702,11-42-00,504.50275840407477,8.112280435435448,8.137894527982532
703,11-43-00,503.6473210526317,8.098524834834851,8.124361523341529
704,11-44-00,503.9027227504238,8.10263174174175,8.120101756756764
705,11-45-00,503.5113245331065,8.096338267813264,8.106244055419062
706,11-46-00,501.7613077249573,8.06819921921923,8.095594899808907
707,11-47-00,498.21935976230935,8.01124468195468,8.075387749112755
708,11-48-00,493.6128284380303,7.937173501228504,8.043117482391485
709,11-49-00,495.3672732597625,7.965384770679782,8.015668088179092
710,11-50-00,499.60625692438464,8.026726449631452,8.00174572454273
711,11-51-00,508.33053510186716,8.173830075757584,8.0228718958504
712,11-52-00,503.4698545840411,8.095671977886976,8.03975735503686
713,11-53-00,499.0538276125739,8.017851692601697,8.055892993311499
714,11-54-00,492.3210245539509,7.909681329511319,8.044752305077804
715,11-55-00,502.33706057773986,8.070599916734915,8.053526998498498
716,11-56-00,493.98833531409196,7.943211231231237,8.007403229593228
717,11-57-00,487.1365003395577,7.833035619710613,7.954875957957957
718,11-58-00,487.476736417657,7.838506715806717,7.919006962598961
719,11-59-00,499.5562212224105,8.032740088725086,7.943618714441714
720,12-00-00,494.24700475381985,7.947369419874426,7.918972615069616
721,12-01-00,503.8988867572158,8.102569064974055,7.950844181818179
722,12-02-00,500.458545238095,8.033587012012022,7.990954460278462
723,12-03-00,495.04406830926047,7.953428958503956,8.01393890881791
724,12-04-00,504.6923201188456,8.115326590226585,8.03045620911821
725,12-05-00,499.4424404074695,8.030910791700787,8.047164483483481
726,12-06-00,499.3980215619694,8.030195652470649,8.0326898009828
727,12-07-00,501.84108030560265,8.069479877149876,8.039868374010371
728,12-08-00,503.1816322580642,8.091035765765781,8.067389735462736
729,12-09-00,498.87955314091755,8.021859578214583,8.048696333060336
730,12-10-00,497.2787771646862,7.996118585858584,8.041737891891895
731,12-11-00,499.3573041595924,8.029541411411413,8.041607043680049
732,12-12-00,501.64965492359966,8.066402006552002,8.040991469560472
733,12-13-00,500.3486906621386,8.045483015288008,8.031880919464918
734,12-14-00,496.81027979626504,7.98858593502593,8.025226190827187
735,12-15-00,502.98841876061124,8.087928487578496,8.04358817117117
736,12-16-00,499.5754957555178,8.033049359814367,8.04428976085176
737,12-17-00,503.8038425297114,8.101040316680317,8.051217422877423
738,12-18-00,505.4701381154506,8.12783397624898,8.067687615069618
739,12-19-00,496.98530526315784,7.991400075075077,8.068250443079446
740,12-20-00,490.7074510186758,7.890454110019115,8.02875556756757
741,12-21-00,496.1007578947375,7.977175935025944,8.017580882609888
742,12-22-00,501.96650806451646,8.071496087906068,8.011672036855037
743,12-23-00,499.73376655348113,8.035594630084628,7.9932241676221665
744,12-24-00,498.3240932937175,8.012927893802894,7.99752973136773
745,12-25-00,496.328236757215,7.98083496723996,8.015605902811899
746,12-26-00,499.88795365025493,8.038074642369654,8.027785644280641
747,12-27-00,502.8778518659874,8.093014720857216,8.03208937087087
748,12-28-00,499.0728270568274,8.031779063609067,8.031326257575758
749,12-29-00,496.02927794741277,7.982798258258261,8.02530033046683
750,12-30-00,498.0001623728818,8.021314449904452,8.03339622699973
751,12-31-00,497.4011675423735,8.011664948129937,8.028114288151787
752,12-32-00,496.3689396610177,7.995040394485403,8.008519422877423
753,12-33-00,498.9996359322027,8.037412113022121,8.009646032760035
754,12-34-00,496.07954623200675,7.997150933660934,8.012516567840569
755,12-35-00,501.47426045724046,8.084116741741745,8.025077026208027
756,12-36-00,501.48063471634185,8.08421942123943,8.039587920829927
757,12-37-00,504.40121524132127,8.131301201201206,8.066840082173087
758,12-38-00,503.4478573243009,8.115932435162422,8.082544146601148
759,12-39-00,499.8539358171036,8.057996390936406,8.094713238056242
760,12-40-00,505.70407984758657,8.152304538629545,8.108350797433802
761,12-41-00,501.5762595258255,8.085760885885888,8.108659090363094
762,12-42-00,502.5011646785108,8.107530436117942,8.10390493734644
763,12-43-00,504.7222027918777,8.143365805350815,8.10939161138412
764,12-44-00,505.5313207100588,8.163320297570309,8.1304563927109
765,12-45-00,494.64203316412875,7.980728237783238,8.096141132541637
766,12-46-00,501.3000372565619,8.081308435708442,8.095250642506148
767,12-47-00,505.8105231160036,8.154020496860499,8.10454865465466
768,12-48-00,499.30771226734356,8.056005440895449,8.087076581763586
769,12-49-00,499.69108103302244,8.05537016107016,8.065486554463558
770,12-50-00,497.6524763959391,8.029299630084635,8.075200832923837
771,12-51-00,497.77178224852105,8.038018776958774,8.066542901173904
772,12-52-00,501.16094970414133,8.092747525252527,8.05428830685231
773,12-53-00,506.9861171597639,8.186812130767136,8.080449644826647
774,12-54-00,498.9137550675677,8.063269594594601,8.082029531531536
775,12-55-00,505.18621934121603,8.164643359268366,8.109098277368279
776,12-56-00,513.3236287162165,8.296157654927656,8.160726052962056
777,12-57-00,512.0399521114869,8.275411318591313,8.197258811629814
778,12-58-00,501.1738206081078,8.099796393666395,8.179855664209665
779,12-59-00,505.08027863175647,8.16293223587224,8.199788192465194
780,13-00-00,497.7966414695942,8.04521574392574,8.175902669396669
781,13-01-00,499.8967986486485,8.079157796887793,8.132502697788698
782,13-02-00,492.41390515202716,7.958222245427246,8.069064883155884
783,13-03-00,494.6426739864872,7.994242604422596,8.047954125307124
784,13-04-00,497.76594425675677,8.044720308490293,8.024311739830733
785,13-05-00,491.1800060810814,7.938281072891063,8.002924805623799
786,13-06-00,497.9141291385134,8.0471138042588,7.996516007097999
787,13-07-00,498.72807170608075,8.060268822003822,8.016925322413314
788,13-08-00,493.8054575168915,7.980711592956574,8.01421912012011
789,13-09-00,491.10167753378295,7.937014208299206,7.992677900081894
790,13-10-00,485.76695363175736,7.850796618891629,7.975181009282006
791,13-11-00,488.2174919763514,7.890400914550909,7.943838431340429
792,13-12-00,492.1661425316458,7.960935442260438,7.923971755391752
793,13-13-00,498.12072894514756,8.057251759486759,7.939279788697789
794,13-14-00,503.17730160337504,8.139043508053502,7.979685648648648
795,13-15-00,492.85031527426145,7.972001729456729,8.003926670761668
796,13-16-00,491.38500818565416,7.94829950996453,8.015506389844393
797,13-17-00,490.862899493671,7.939855139230144,8.011290329238332
798,13-18-00,494.0175528270041,7.9908820816270785,7.998016393666397
799,13-19-00,490.2922652320674,7.930624954954964,7.956332683046689
800,13-20-00,496.6745435443034,8.033860077805079,7.968704352716358
801,13-21-00,493.1381703797467,7.97665837155337,7.9743761250341265
802,13-22-00,489.5258767088607,7.918227858312856,7.97005066885067
803,13-23-00,491.5656789029528,7.951222443352448,7.962118741195743
804,13-24-00,493.40662320675125,7.98100044908544,7.972193840021838
805,13-25-00,492.4979477195943,7.959580218400207,7.957337868140864
806,13-26-00,488.66629953625676,7.910994390526892,7.944205071935569
807,13-27-00,490.25391367088525,7.93000407043408,7.946560314359813
808,13-28-00,489.4048076793249,7.916269896259905,7.939569804941305
809,13-29-00,493.3654993248943,7.980335623805627,7.939436839885341
810,13-30-00,493.32783476793213,7.979725199290185,7.9434658360633374
811,13-31-00,498.31020025316474,8.060316552006555,7.9733302683592715
812,13-32-00,498.0026964586849,8.06214077805077,7.999757609882609
813,13-33-00,499.9244764755482,8.093252387387382,8.035154108108104
814,13-34-00,499.5771673693083,8.08763004777505,8.056612992901988
815,13-35-00,496.39715033726833,8.036149116844115,8.067897776412774
816,13-36-00,499.50690682967905,8.086491782691782,8.07313282254982
817,13-37-00,498.44231829679603,8.069257342342343,8.074556135408134
818,13-38-00,500.4635478077569,8.1019793925744,8.076301536445538
819,13-39-00,495.3499167790895,8.01919442123942,8.062614411138412
820,13-40-00,498.1426780775711,8.064406954681957,8.06826597870598
821,13-41-00,487.99691408094435,7.900155309855309,8.030998684138686
822,13-42-00,489.61825952782453,7.926403304668314,8.00242787660388
823,13-43-00,490.3239419898824,7.937827006552011,7.969597399399402
824,13-44-00,492.9059954468805,7.979628064428066,7.961684128037132
825,13-45-00,493.351533726813,7.986840047775052,7.94617074665575
826,13-46-00,494.6542252951095,8.00792964646465,7.967725613977619
827,13-47-00,492.7300705733563,7.976779325689332,7.977800818181822
828,13-48-00,499.6002317875211,8.088000061425063,8.007835429156433
829,13-49-00,496.8718246205739,8.043830275730274,8.020675871416874
830,13-50-00,495.76017647554784,8.025832803712794,8.028474422604422
831,13-51-00,500.54738423271493,8.103332167622169,8.047554926835925
832,13-52-00,502.79772782462015,8.139763131313135,8.080151687960687
833,13-53-00,501.1878053962905,8.113700401310396,8.085291755937753
834,13-54-00,495.99062234401356,8.029564028119028,8.082438506415505
835,13-55-00,493.6017087689705,7.990890036855047,8.075449953043954
836,13-56-00,498.12836441821287,8.064171003276009,8.067617720174722
837,13-57-00,493.74586684919956,7.9999624385749275,8.039657581627083
838,13-58-00,497.5783962931747,8.062059499044505,8.029329401173904
839,13-59-00,497.6203534962086,8.062739919464908,8.035964579443078
840,14-00-00,494.8223149957879,8.017403782418782,8.041267328555827
841,14-01-00,493.5260702611622,7.996402970242976,8.02771372194922
842,14-02-00,497.4408023588881,8.059831407316413,8.039687515697517
843,14-03-00,495.768398062342,8.03273428883429,8.033822473655473
844,14-04-00,495.21067615838217,8.02369768768769,8.02601402730003
845,14-05-00,493.80853378264567,8.000979675129672,8.022729205842207
846,14-06-00,496.4689871103616,8.044086067431078,8.032265825279827
847,14-07-00,495.1447796967143,8.022630117390115,8.02482556729457
848,14-08-00,498.4466181128893,8.076128205023213,8.033504350532354
849,14-09-00,490.2617712721159,7.943513387933395,8.017467490581494
850,14-10-00,493.25713454085997,7.9920452552552534,8.015680606606612
851,14-11-00,494.78437624262733,8.016791509691515,8.010221695058698
852,14-12-00,490.36532754844103,7.945191556101566,7.994733982800989
853,14-13-00,489.49752232518944,7.931130323505331,7.965734406497413
854,14-14-00,491.69220126368936,7.966688568113571,7.970369442533448
855,14-15-00,496.54303327716934,8.04528395713896,7.981017182910189
856,14-16-00,492.50496087689766,7.973134534534533,7.972285787878792
857,14-17-00,486.7640849072504,7.8801955869505775,7.959286594048595
858,14-18-00,479.0068026958716,7.761153064428066,7.9252911422331405
859,14-19-00,491.28421794439777,7.9600783087632925,7.9239690903630855
860,14-20-00,497.8257467565293,8.066067379197388,7.92812577477477
861,14-21-00,486.6271131423764,7.88462075075075,7.910423018018015
862,14-22-00,490.45697834877836,7.946674881244886,7.923718876876876
863,14-23-00,492.61069688289854,7.981570477750481,7.967802359541359
864,14-24-00,485.2812937657952,7.862815678405685,7.948349833469838
865,14-25-00,485.681327969672,7.8692975743925775,7.908995872508877
866,14-26-00,489.25435762426235,7.927190600600606,7.9175098424788475
867,14-27-00,490.7923508003371,7.952108944853946,7.918596655200659
868,14-28-00,487.8344340488217,7.910842827600339,7.904451125170631
869,14-29-00,490.35411649831667,7.951702399672402,7.922228469423973
870,14-30-00,492.0272749999993,7.978835208845196,7.944135996314498
871,14-31-00,490.0887194444447,7.947399198744196,7.948177715943215
872,14-32-00,500.4853917508414,8.11599317908819,7.980954562790065
873,14-33-00,497.02633771043753,8.059900895440888,8.010766176358175
874,14-34-00,494.97715471380496,8.026670948675955,8.025759886158886
875,14-35-00,491.3312347643098,7.967548312858322,8.02350250696151
876,14-36-00,491.7062202020192,7.973628913458916,8.028748449904453
877,14-37-00,487.65921161616194,7.908002383292381,7.987150290745293
878,14-38-00,485.49323400673427,7.872877979797967,7.949745707616708
879,14-39-00,484.3525371212116,7.8543796860496835,7.915287455091454
880,14-40-00,485.24164907407345,7.868797957957956,7.895537384111381
881,14-41-00,488.5777519360262,7.922896730821731,7.885390947583943
882,14-42-00,503.47354553872003,8.164449873054865,7.936680445536441
883,14-43-00,496.37823308080846,8.049390917280915,7.9719830330330295
884,14-44-00,492.42292138047077,7.985250801255806,7.998157256074255
885,14-45-00,497.8507761784519,8.073270023205032,8.039051669123669
886,14-46-00,494.9397363636361,8.026064433524441,8.059685209664213
887,14-47-00,482.8980930134675,7.830794054054055,7.9929540458640504
888,14-48-00,480.8174732323225,7.797055247065242,7.942486911820916
889,14-49-00,475.69388939393957,7.7139700286650426,7.888230757302763
890,14-50-00,473.5419600168355,7.679073195468197,7.809391391755395
891,14-51-00,478.3349710437713,7.756797725907723,7.755538050232052
892,14-52-00,474.07264090909126,7.687679295659307,7.7269150985531025
893,14-53-00,469.4872910774405,7.61332261124761,7.6901685713895755
894,14-54-00,467.4196823232324,7.579793553098554,7.663333276276278
895,14-55-00,475.87591346801327,7.716921676221664,7.670902972426971
896,14-56-00,469.3583632996624,7.6112308203658126,7.641789591318589
897,14-57-00,473.6485060606058,7.680800996451001,7.640413931476928
898,14-58-00,470.1910803195961,7.631153207753203,7.6439800507780475
899,14-59-00,473.7743047939442,7.689308073983078,7.665882954954952
900,15-00-00,466.2111742640864,7.566559987714989,7.635810617253616
901,15-01-00,461.65102624053844,7.492549175539168,7.612074288288288
902,15-02-00,459.8197987384355,7.462828038493037,7.568479696696696
903,15-03-00,466.8061190075695,7.576216324051332,7.557492319956322
904,15-04-00,471.3766446593772,7.650394613704627,7.549709627900631
905,15-05-00,469.38236989066434,7.618028020748023,7.560003234507238
906,15-06-00,466.5912576955429,7.572728205023207,7.576039040404045
907,15-07-00,463.8186019343984,7.52772815315315,7.5890190633360675
908,15-08-00,467.9341020185029,7.594523043953044,7.5926804073164105
909,15-09-00,459.894007148865,7.464033161343167,7.555408116844118
910,15-10-00,466.8844529015977,7.577487306852314,7.547299974064977
911,15-11-00,466.5182446593773,7.571543382473384,7.547063009555012
912,15-12-00,472.3021429772921,7.665415496860496,7.574600478296482
913,15-13-00,473.1190657695541,7.678673729183734,7.5914306153426185
914,15-14-00,473.8137878889823,7.689948805623802,7.636613744198746
915,15-15-00,472.42258166526506,7.667369885339895,7.6545902598962625
916,15-16-00,467.7684625735902,7.591834812994817,7.658648546000547
917,15-17-00,468.63377510513055,7.605878012558012,7.646741049140052
918,15-18-00,465.5129569386044,7.555227335517337,7.622051770406772
919,15-19-00,468.6348786375102,7.605896070161078,7.605241223314228
920,15-20-00,473.4399280908326,7.683880989625985,7.6085434441714455
921,15-21-00,472.83085769554305,7.6739960060060035,7.624975682773683
922,15-22-00,475.1783620689648,7.712094982254962,7.6462190767130735
923,15-23-00,476.33812220353167,7.730918509418509,7.681357311493308
924,15-24-00,465.74186089150515,7.558942462462459,7.671966589953584
925,15-25-00,464.90664028595427,7.545387234507235,7.644267838929833
926,15-26-00,465.83680925147183,7.560483849303848,7.621565407589403
927,15-27-00,474.46743860386874,7.700557444717452,7.619257900081901
928,15-28-00,480.9159873843569,7.805216238056233,7.634117445809446
929,15-29-00,476.2435973927669,7.729384365274377,7.668205826371829
930,15-30-00,473.0092593776275,7.676890758940751,7.694506531258531
931,15-31-00,471.3909537426407,7.650626216216213,7.712535004641005
932,15-32-00,474.5294749369219,7.701563680043676,7.712736251706249
933,15-33-00,466.72941101766196,7.574969635544638,7.666686931203931
934,15-34-00,483.0585000841046,7.839988981708964,7.6888078544908485
935,15-35-00,481.31737771236357,7.811730532350526,7.715775809172802
936,15-36-00,472.47532077375894,7.668225202020209,7.719295606333603
937,15-37-00,475.90504230445754,7.7238887592137555,7.723760622167617
938,15-38-00,466.6895522287635,7.574322540267546,7.7236312031122
939,15-39-00,466.7944203532386,7.576023830193834,7.670838172809174
940,15-40-00,465.72899915895647,7.558733012558005,7.62023866885067
941,15-41-00,470.8676820857865,7.642133225498225,7.615020273546273
942,15-42-00,463.20829613120173,7.517822728637735,7.573807067431069
943,15-43-00,464.4422061396137,7.5378487264537295,7.566512304668305
944,15-44-00,464.6239818334731,7.540798439803446,7.559467226590229
945,15-45-00,468.3795020185027,7.601749810264819,7.56807058613159
946,15-46-00,464.26404196804015,7.534956176631179,7.546635176358182
947,15-47-00,466.12046778805706,7.565085621075628,7.556087754845761
948,15-48-00,467.59046593776316,7.588943690963697,7.566306747747754
949,15-49-00,468.7839911690499,7.608314733824735,7.5798100065520115
950,15-50-00,466.59061555929355,7.572715864045868,7.5740032173082215
951,15-51-00,464.65304011774623,7.541269320229316,7.5752658460278495
952,15-52-00,460.8984225399486,7.480332645372653,7.558315250887254
953,15-53-00,458.46840798990746,7.440893835653833,7.52870527982528
954,15-54-00,449.90217872161514,7.301864231504238,7.467415179361181
955,15-55-00,454.88885937762836,7.38279724542724,7.429431455637456
956,15-56-00,466.3340859545835,7.5685519642369705,7.434887984438987
957,15-57-00,462.9603254835998,7.513795619710618,7.44158057930658
958,15-58-00,455.44504415475194,7.391824314769313,7.431766675129675
959,15-59-00,454.763940622372,7.380769539994537,7.447547736827735
960,16-00-00,456.70647300252335,7.412296553371557,7.4534475984165995
961,16-01-00,460.9306790580321,7.480855341250334,7.435908273819271
962,16-02-00,459.1502182506308,7.451957847392844,7.423540719355716
963,16-03-00,456.5074577796468,7.409066321321325,7.42698912066612
964,16-04-00,454.0611009251473,7.369362278187281,7.424707668304668
965,16-05-00,460.04599890664446,7.466496565656578,7.435547670761672
966,16-06-00,467.6758841883939,7.590327926562936,7.457442187824194
967,16-07-00,461.378811858705,7.488127162162172,7.464676050778058
968,16-08-00,460.8633464255677,7.479760862680861,7.4788149590499655
969,16-09-00,453.55427081581155,7.361135521430521,7.477169607698613
970,16-10-00,456.68468191757825,7.411941164346164,7.466258527436532
971,16-11-00,458.2696038687964,7.4376643325143394,7.435725808626811
972,16-12-00,458.5499134566864,7.442213572208582,7.426543090636093
973,16-13-00,456.26506005046286,7.405130705705726,7.411617059241065
974,16-14-00,451.90540681244744,7.334373437073429,7.406264642369647
975,16-15-00,455.36764407064777,7.390565645645644,7.401989538629545
976,16-16-00,457.1698001682089,7.419814202839207,7.3984195126945185
977,16-17-00,457.025103700589,7.417465604695605,7.393469919191922
978,16-18-00,452.52398948696424,7.344412951132945,7.3813263682773655
979,16-19-00,451.17660656013516,7.322545668850657,7.378960814632812
980,16-20-00,449.58052346509703,7.296641184821187,7.36017592246792
981,16-21-00,447.6307217830104,7.264995918645925,7.3292122656292635
982,16-22-00,452.4744613961308,7.343608924378922,7.314440929565928
983,16-23-00,451.55133212783824,7.3286262462462535,7.311283588588589
984,16-24-00,452.2583682926829,7.340101448266463,7.31479474447175
985,16-25-00,446.1239010092514,7.240539739284741,7.30357445536446
986,16-26-00,440.3287051303614,7.146484535899541,7.279872178815185
987,16-27-00,443.89632153069863,7.2043867144417,7.252027736827739
988,16-28-00,452.6471762825904,7.346412065247076,7.255584900627904
989,16-29-00,454.2320888982332,7.3721340608790715,7.261991423150425
990,16-30-00,451.6544605550875,7.330299398034394,7.2799433549003565
991,16-31-00,454.1577269974767,7.370927272727266,7.324831902265902
992,16-32-00,454.57822321278377,7.377751359541358,7.359504831285832
993,16-33-00,462.81707653490315,7.511467309582317,7.392515880152881
994,16-34-00,459.87892775441554,7.463780986895994,7.410845265356267
995,16-35-00,455.60237039529045,7.394373447993437,7.423660075348074
996,16-36-00,453.382280319597,7.358341561561559,7.4211429331149334
997,16-37-00,455.9653916736755,7.400264989079995,7.425645659022661
998,16-38-00,454.6253380992426,7.378516610701603,7.399055519246518
999,16-39-00,462.7650343986549,7.510622306852311,7.408423783237781
1000,16-40-00,460.3385957106811,7.4712418959869025,7.423797472836474
1001,16-41-00,457.17595618166547,7.419912437892432,7.436111648102648
1002,16-42-00,456.3784326324638,7.406968493038495,7.4374523488943485
1003,16-43-00,458.832732800672,7.446801920556915,7.451109410865411
1004,16-44-00,461.97353944491226,7.497777153972154,7.44854038028938
1005,16-45-00,462.8822396972243,7.51252526208027,7.456797053508053
1006,16-46-00,461.72368788898194,7.49372144007644,7.471558853944854
1007,16-47-00,459.85926341463454,7.4634627395577375,7.482857703248703
1008,16-48-00,460.48400395290116,7.473601515151525,7.488217622167625
1009,16-49-00,453.952018587048,7.367588434343447,7.462179878241884
1010,16-50-00,449.5158077375942,7.2955902484302495,7.418792875511881
1011,16-51-00,454.51201614802346,7.376677507507514,7.395384088998094
1012,16-52-00,451.5628220353237,7.3288135517335435,7.368454251433256
1013,16-53-00,453.9430054667778,7.36744324733825,7.3472225978706005
1014,16-54-00,455.33404112699765,7.390019059514063,7.351708722904723
1015,16-55-00,450.9280798990744,7.318511238056239,7.356292920829921
1016,16-56-00,442.9590258200164,7.189174580944592,7.3187923355173385
1017,16-57-00,447.53565887300266,7.263452358722358,7.305720096915101
1018,16-58-00,451.99064701429756,7.335755904995909,7.299382628446632
1019,16-59-00,452.0600636669472,7.336883206388209,7.288755457821461
1020,17-00-00,454.11875138772075,7.370294411684391,7.299112092547091
1021,17-01-00,448.6179949537428,7.281018865683862,7.3174809494949455
1022,17-02-00,451.6068269974769,7.329526846846846,7.330695847119844
1023,17-03-00,452.5067527333891,7.344132279552278,7.332371122031117
1024,17-04-00,457.9414370058868,7.4323368686868685,7.351461854490848
1025,17-05-00,462.8018633305286,7.511221614796623,7.379647295113296
1026,17-06-00,462.4358091673673,7.505279999999992,7.4244995219765215
1027,17-07-00,458.9478639192592,7.448671624351615,7.448328477477476
1028,17-08-00,448.6980038687974,7.2823173300573405,7.435965487578488
1029,17-09-00,452.9729624053824,7.351698897078908,7.419837893256895
1030,17-10-00,455.72385424726707,7.396345309855309,7.3968626322686335
1031,17-11-00,451.63802077375885,7.330032826917825,7.361813197652199
1032,17-12-00,451.5536836837676,7.328664460824472,7.337811764946771
1033,17-13-00,453.0128708999167,7.352346728091725,7.351817644553648
1034,17-14-00,451.7198980656017,7.331361928746915,7.347750250887249
1035,17-15-00,452.36603238015124,7.341848942123939,7.336850977340975
1036,17-16-00,445.34763170731685,7.227940995086007,7.316432610974611
1037,17-17-00,443.3909188393611,7.196183804258796,7.289936479661476
1038,17-18-00,445.56530353238037,7.2314742396942355,7.265761981981979
1039,17-19-00,434.1595952901595,7.046360779415772,7.20876175211575
1040,17-20-00,431.41736240538256,7.001855485940472,7.140763060879057
1041,17-21-00,431.6194884777125,7.0051363540813485,7.096202132678124
1042,17-22-00,431.87021757779684,7.009204608244609,7.058806293475287
1043,17-23-00,426.48859251471816,6.921862355992342,6.996883916734909
1044,17-24-00,424.23969671993274,6.885362907452903,6.964684342342335
1045,17-25-00,424.26710412111015,6.885807530712529,6.941474751296747
1046,17-26-00,418.3943603868799,6.790493371553361,6.898546154791148
1047,17-27-00,413.0473856181662,6.703713585858583,6.837447950313942
1048,17-28-00,412.1823724137927,6.689674803439803,6.791010439803436
1049,17-29-00,413.38194583683764,6.709143912093909,6.755766640731636
1050,17-30-00,409.1974976450797,6.641230268905262,6.706851188370183
1051,17-31-00,402.71066433978143,6.535950076440077,6.655942529347527
1052,17-32-00,398.8176045416317,6.472766068796063,6.609753025935023
1053,17-33-00,402.4001886459212,6.530911072891064,6.578000279825275
1054,17-34-00,401.03307392766993,6.50872252388752,6.537916002183996
1055,17-35-00,405.8280092514716,6.586544582309583,6.526978864864861
1056,17-36-00,399.5385445752734,6.484467268632269,6.5166823033033
1057,17-37-00,395.66945912531594,6.4216719942669895,6.506463488397486
1058,17-38-00,399.42587283431374,6.48263888615888,6.496809051051048
1059,17-39-00,399.7661857863755,6.488161781326781,6.4926969025389
1060,17-40-00,399.2106239697224,6.479145767130768,6.471217139503137
1061,17-41-00,399.0531096719927,6.47658903767403,6.46964149331149
1062,17-42-00,397.6346360807399,6.453567691782683,6.476020632814628
1063,17-43-00,394.310883179142,6.399623555828554,6.459417566748563
1064,17-44-00,387.31385096719885,6.286063337428338,6.4189978779688746
1065,17-45-00,393.8583195962994,6.392278850668853,6.401624494676492
1066,17-46-00,397.256550042052,6.44743153016653,6.395792993174991
1067,17-47-00,386.19365323801514,6.267882630357623,6.35865598088998
1068,17-48-00,386.94802741799896,6.280125686595679,6.334756407043405
1069,17-49-00,389.02842918418816,6.313890277095263,6.34032179497679
1070,17-50-00,384.6883868797309,6.243452043407041,6.310556433524427
1071,17-51-00,390.165165264929,6.332339182364183,6.287537963963958
1072,17-52-00,385.67133666947,6.259405697515692,6.285842577395572
1073,17-53-00,385.5088144659377,6.25676817772317,6.28117107562107
1074,17-54-00,388.860141295206,6.311159276549267,6.2806248755118705
1075,17-55-00,396.7636154751888,6.439431777231768,6.3198208222768155
1076,17-56-00,391.4767272497902,6.353626506961503,6.32407828719628
1077,17-57-00,390.80685643397754,6.3427541823641835,6.3407479841659775
1078,17-58-00,390.73701446593765,6.341621019656014,6.357718552552547
1079,17-59-00,393.2254496215305,6.38200808490308,6.37188831422331
1080,18-00-00,394.5706364171567,6.40384016380017,6.36476999153699
1081,18-01-00,396.75512026913384,6.439294459459453,6.38190358203658
1082,18-02-00,392.83961597981573,6.375746130221129,6.38850197160797
1083,18-03-00,389.1184794785537,6.315351975156971,6.383248162708161
1084,18-04-00,388.8503559293525,6.311000853125856,6.369046716352716
1085,18-05-00,388.02288528174904,6.2975714537264444,6.347792974337971
1086,18-06-00,393.9278116904963,6.393407597597589,6.338615601965598
1087,18-07-00,395.3486588730027,6.416467826917817,6.346759941304936
1088,18-08-00,388.92755988225457,6.312253909363908,6.346140328146324
1089,18-09-00,394.4620336134456,6.407462724542725,6.365432702429696
1090,18-10-00,392.547338991596,6.376361007371009,6.381190613158609
1091,18-11-00,388.12625008403336,6.304546859131857,6.363418465465463
1092,18-12-00,393.90432033613456,6.398403424788414,6.359805585039583
1093,18-13-00,389.23600193277315,6.322572813267814,6.361869365820364
1094,18-14-00,389.1227320168063,6.320733910728907,6.344523603057601
1095,18-15-00,394.19927596638695,6.403194276549273,6.349890256893254
1096,18-16-00,395.76795445378195,6.428675592410571,6.374716003548996
1097,18-17-00,390.24871319327667,6.339023293748293,6.362839977340972
1098,18-18-00,389.50927042016764,6.3270121689871734,6.363727848484844
1099,18-19-00,391.50854655462217,6.359487245427244,6.371478515424512
1100,18-20-00,391.88119050420204,6.365540586950577,6.363947777504771
1101,18-21-00,387.44726067226856,6.293517926562926,6.336916244335243
1102,18-22-00,394.1183078151257,6.401879527709528,6.34948749112749
1103,18-23-00,395.7618246218486,6.428575677040659,6.369800192738188
1104,18-24-00,404.863174201681,6.576413722358719,6.413185488124482
1105,18-25-00,398.83859655462214,6.478553396123386,6.435788049959044
1106,18-26-00,401.7476178151259,6.525806326781322,6.482245730002722
1107,18-27-00,396.9415817647056,6.447738888888887,6.491417602238594
1108,18-28-00,399.907968739495,6.4959239284739265,6.504887252525248
1109,18-29-00,397.01357773109225,6.448909230139225,6.479386354081349
1110,18-30-00,395.9958352100837,6.432376886431889,6.47015105214305
1111,18-31-00,395.87209117647046,6.430366819546821,6.45106315069615
1112,18-32-00,398.5680178991603,6.474157496587502,6.456346872235872
1113,18-33-00,402.584060420168,6.539393020748018,6.4650406906906905
1114,18-34-00,402.4719373949575,6.537572454272444,6.482773335517335
1115,18-35-00,398.2003686554614,6.468185870870867,6.489935132405131
1116,18-36-00,402.2914487394956,6.5346393720993605,6.510789642915638
1117,18-37-00,414.3011100840331,6.729718887523883,6.561901921102914
1118,18-38-00,417.7402442857139,6.785583056238047,6.61113992820092
1119,18-39-00,423.15307949579835,6.873505683865683,6.678326574119568
1120,18-40-00,423.1767484033612,6.873890903630891,6.759467580671573
1121,18-41-00,428.4233931092441,6.9591141823641784,6.844362542724537
1122,18-42-00,425.50139420168097,6.91165124897624,6.880749015015008
1123,18-43-00,420.0553685714289,6.823188594048595,6.888270122577117
1124,18-44-00,423.9400695798316,6.886289243789244,6.89082683456183
1125,18-45-00,431.67477369747866,7.011928615888621,6.918434377013375
1126,18-46-00,431.0150137815128,7.001211381381381,6.926853816816816
1127,18-47-00,432.8719809243696,7.031375591045596,6.950798685230687
1128,18-48-00,440.79412689075633,7.160059052689043,7.018172776958776
1129,18-49-00,439.5615354621848,7.140037115752113,7.068922351351351
1130,18-50-00,436.4870189915966,7.090095720720717,7.084555772317771
1131,18-51-00,435.12063815126044,7.067900672945667,7.097893630630628
1132,18-52-00,434.24585386554577,7.0536913936663925,7.102356791154787
1133,18-53-00,433.56824630252055,7.042685267540269,7.078882034125032
1134,18-54-00,437.6865563025214,7.109580182910179,7.072790647556644
1135,18-55-00,434.07975865546206,7.05099315315315,7.064970134043131
1136,18-56-00,432.9416679831932,7.032507218127219,7.057891443079441
1137,18-57-00,429.93075025210146,6.983599568659574,7.043873078078079
1138,18-58-00,431.9889905042016,7.01703197106198,7.038742418782421
1139,18-59-00,431.625671344538,7.011131167076175,7.019052615615619
1140,19-00-00,433.4622031092433,7.0409629975429935,7.017046584493587
1141,19-01-00,427.00200546218485,6.936026961506955,6.997750533169535
1142,19-02-00,425.62200638655423,6.913609905814914,6.983752600600603
1143,19-03-00,428.08737184873905,6.9536562803712885,6.971077462462465
1144,19-04-00,430.3409216806724,6.990261950586932,6.966903619164617
1145,19-05-00,428.1912430252106,6.95534412093913,6.949779843843844
1146,19-06-00,424.58427689075614,6.896753336063329,6.941925118755118
1147,19-07-00,430.0726673949576,6.985904751569748,6.956384087906085
1148,19-08-00,427.82492672268893,6.949393420693413,6.9555315159705104
1149,19-09-00,428.0966115966386,6.953805977340969,6.948240321321317
1150,19-10-00,429.398415210084,6.974952574392583,6.952162012012009
1151,19-11-00,430.5225894117645,6.9932129224679285,6.971453929292929
1152,19-12-00,431.5041253781506,7.009155982800974,6.976104175539175
1153,19-13-00,428.24262949579816,6.956178063063061,6.977461104013104
1154,19-14-00,428.49013747899176,6.96019921785421,6.978739752115752
1155,19-15-00,428.10816394957965,6.9539941359541375,6.9745480644280615
1156,19-16-00,427.0562083193282,6.936906875511868,6.96328685503685
1157,19-17-00,420.63854159663924,6.832661279006277,6.927987914277911
1158,19-18-00,426.42231344537794,6.926609464919463,6.9220741946491895
1159,19-19-00,422.934719831933,6.869959385749375,6.904026228228224
1160,19-20-00,420.80423042016804,6.835352454272454,6.880297891891887
1161,19-21-00,418.78954084033506,6.802626446901445,6.853441806169803
1162,19-22-00,426.68378386554656,6.930856663936661,6.873080883155879
1163,19-23-00,420.9017789075629,6.836937057057065,6.8551464015834
1164,19-24-00,416.86319605042064,6.771335712530708,6.835421666939666
1165,19-25-00,417.5128998319328,6.78188933114933,6.824729042315042
1166,19-26-00,417.4821330252099,6.78138942806443,6.820481638547639
1167,19-27-00,417.6675836134455,6.7844016257166215,6.791190630903631
1168,19-28-00,417.6676198319329,6.784402409227414,6.780683701337701
1169,19-29-00,425.1229882352943,6.90550404722905,6.807517368277369
1170,19-30-00,426.5096486554625,6.928028630903629,6.836745228228229
1171,19-31-00,415.8812216806719,6.7553850696150715,6.831544356538357
1172,19-32-00,424.275573109243,6.891739219219214,6.853011875238876
1173,19-33-00,426.82981630252044,6.933229425334419,6.882777278460276
1174,19-34-00,424.5118411764709,6.895577282282275,6.8807919254709216
1175,19-35-00,421.3871368067224,6.844821512421519,6.864150501774501
1176,19-36-00,427.5680361344535,6.945221365001376,6.902117760851761
1177,19-37-00,431.6911993277301,7.012196034671035,6.926209123942125
1178,19-38-00,429.2058049579827,6.971823637728633,6.933927966420967
1179,19-39-00,428.7875578151252,6.965030273000286,6.947818564564569
1180,19-40-00,431.7133793277311,7.012556240786239,6.981365510237514
1181,19-41-00,432.4461576470586,7.024459355719356,6.997213108381109
1182,19-42-00,434.68718436974825,7.0608623123123095,7.006946363909364
1183,19-43-00,429.99105613445323,6.984580240240233,7.009497684411684
1184,19-44-00,433.9879665546223,7.049504507234509,7.026392531258528
1185,19-45-00,436.8677222689074,7.096281573846563,7.043137597870595
1186,19-46-00,431.60400310924365,7.01078031804533,7.04040179033579
1187,19-47-00,429.26357352941153,6.972763121758128,7.022781952224953
1188,19-48-00,435.16159117647044,7.068568179088177,7.039579539994541
1189,19-49-00,432.8003389915972,7.030213042588033,7.035721247065245
1190,19-50-00,430.006014705882,6.984823075348072,7.013429547365549
1191,19-51-00,429.16355210084055,6.971139443079441,7.00550137237237
1192,19-52-00,426.09380865546234,6.921275264810257,6.995203800982796
1193,19-53-00,427.7965310924371,6.948934191919192,6.971277003549
1194,19-54-00,429.4918216806723,6.97647171990172,6.960528739011735
1195,19-55-00,428.7644468067231,6.964655889980895,6.956495301938301
1196,19-56-00,434.83288689075647,7.0632286936936985,6.974913152061153
1197,19-57-00,431.88044428571385,7.015271201201189,6.993712339339339
1198,19-58-00,435.1636379831935,7.068602007917011,7.017645902538902
1199,19-59-00,436.04009319327713,7.082838479388481,7.038919254436254
1200,20-00-00,433.72091512604993,7.045166168441174,7.055021310128311
1201,20-01-00,428.54304336134425,6.9610603439803445,7.03458764018564
1202,20-02-00,431.1872959663866,7.0040118195468235,7.032335763854766
1203,20-03-00,432.5657200000003,7.026402054327049,7.023895773136775
1204,20-04-00,432.59700630252047,7.026910109200104,7.012710099099098
1205,20-05-00,434.928126470588,7.064775694785688,7.0166320043680015
1206,20-06-00,434.33177453781474,7.055088963963965,7.035437728364727
1207,20-07-00,431.93871596638627,7.016216939666936,7.037878752388748
1208,20-08-00,433.2065383193281,7.036811560196556,7.03996065356265
1209,20-09-00,440.18918159663843,7.150234216489212,7.064625475020472
1210,20-10-00,436.52171025210083,7.0906615861315885,7.069802653289651
1211,20-11-00,442.89647647058825,7.194210034125023,7.097626867321862
1212,20-12-00,441.8800982352937,7.177700720720713,7.129923623532619
1213,20-13-00,446.85560084033676,7.2585199399399425,7.174265299481296
1214,20-14-00,447.81202613445333,7.274055820365825,7.199029620256619
1215,20-15-00,449.83228420168035,7.306871719901726,7.242271647010645
1216,20-16-00,451.9806710924375,7.3417703426153516,7.271783708708712
1217,20-17-00,448.77177697478993,7.289645281190272,7.294172620802624
1218,20-18-00,451.179487731093,7.328755288015275,7.3082196904176895
1219,20-19-00,451.4668147899163,7.333422923832926,7.3200931111111105
1220,20-20-00,446.76966747899166,7.257124180999185,7.3101436033306015
1221,20-21-00,448.7577857142857,7.289418355173354,7.299673205842202
1222,20-22-00,449.53698260504206,7.30207552006551,7.30215925361725
1223,20-23-00,446.76392546218534,7.257031150696149,7.287814426153425
1224,20-24-00,446.09002638655465,7.246084706524706,7.27034678269178
1225,20-25-00,448.3819642016803,7.283313621348625,7.275584670761669
1226,20-26-00,448.53251630252066,7.285759916734896,7.274852983073977
1227,20-27-00,448.3457805882349,7.282726258531251,7.270983130767125
1228,20-28-00,444.52149773109267,7.220605823095817,7.263698065247058
1229,20-29-00,451.5628652100843,7.334982903357893,7.281477704613697
1230,20-30-00,443.53235621848654,7.204539273819276,7.265722835107826
1231,20-31-00,440.6514452941175,7.157743173628169,7.24011948648648
1232,20-32-00,450.0148498319329,7.309838371553366,7.245541909090903
1233,20-33-00,449.51732848739493,7.301756123396124,7.261771969150965
1234,20-34-00,449.3121235294113,7.298422798252788,7.254459948129944
1235,20-35-00,448.9202907563025,7.292058180453176,7.271963729456725
1236,20-36-00,451.20459949579754,7.329163237783242,7.30624774228774
1237,20-37-00,441.848820588235,7.177192321867325,7.279718532350531
1238,20-38-00,440.61200453781555,7.157102078897086,7.250787723450723
1239,20-39-00,449.55795823529417,7.302415873600868,7.2515863385203385
1240,20-40-00,445.88188252100815,7.242703793338787,7.241715461097462
1241,20-41-00,449.175543697479,7.296204331149338,7.23512367977068
1242,20-42-00,449.1200468907568,7.2953030657930755,7.258745828555831
1243,20-43-00,449.74772705882367,7.305498385203385,7.288425089817091
1244,20-44-00,453.075493529411,7.3595526494676395,7.299852444990445
1245,20-45-00,451.64815336134404,7.336367968877963,7.31858528009828
1246,20-46-00,447.7326496638651,7.272766687141676,7.313897751296747
1247,20-47-00,449.2705776470583,7.297748019383018,7.314386742014736
1248,20-48-00,452.29790428571465,7.346922573027582,7.322671579579575
1249,20-49-00,452.9670716806715,7.357791715806709,7.32231939284739
1250,20-50-00,451.7153775630247,7.337460242970233,7.322537847665844
1251,20-51-00,449.8774316806716,7.307605316680309,7.32950557357357
1252,20-52-00,445.9248667226891,7.243401377286377,7.318636245154242
1253,20-53-00,452.7537273949579,7.354326521976516,7.320117034944029
1254,20-54-00,451.7084684033616,7.3373475771225705,7.316028207207201
1255,20-55-00,457.01284327730997,7.423509782964781,7.33323811520611
1256,20-56-00,453.2516253781506,7.362414575484567,7.344199966966963
1257,20-57-00,454.00573411764736,7.374663370188362,7.37045236554736
1258,20-58-00,453.3753634453788,7.364424176904187,7.372471896532893
1259,20-59-00,451.38933949579865,7.332163383838391,7.371435057876058
1260,21-00-00,452.06595235294077,7.343154052689054,7.355363911820912
1261,21-01-00,457.17571655462206,7.426154909909905,7.36811197870598
1262,21-02-00,456.28051151260496,7.411613921648912,7.37550208899809
1263,21-03-00,454.9364561344541,7.389781687141683,7.380573591045589
1264,21-04-00,451.6660751260506,7.336658812448811,7.3814726767676735
1265,21-05-00,450.0150994957989,7.309840868140871,7.374810039858036
1266,21-06-00,452.7500251260502,7.354265947310946,7.3604322473382435
1267,21-07-00,451.73019554621897,7.337699964509956,7.345649455910454
1268,21-08-00,454.2942300840335,7.379349631449618,7.34356304477204
1269,21-09-00,455.2166178991595,7.394332063882069,7.355097695058691
1270,21-10-00,458.06082697478985,7.440531921921909,7.3812359058149
1271,21-11-00,455.4294330252098,7.3977891236691224,7.389940541086534
1272,21-12-00,467.6383864705882,7.596104680589682,7.44162148430248
1273,21-13-00,465.77913823529417,7.565904266994268,7.478932411411409
1274,21-14-00,464.8090276470585,7.55014623259622,7.51009524515424
1275,21-15-00,466.77963075630265,7.582155904995894,7.538420041769037
1276,21-16-00,467.04821260504224,7.58651808490308,7.576165834015829
1277,21-17-00,465.726098991596,7.5650425771225756,7.569953413322407
1278,21-18-00,461.66894159663866,7.499140148785141,7.556600589680582
1279,21-19-00,469.1463249579836,7.620598124488122,7.570690968058964
1280,21-20-00,464.1764738655467,7.539871046956034,7.56223399645099
1281,21-21-00,460.5691307563023,7.481274601419608,7.5411852997542965
1282,21-22-00,463.8201507563028,7.534082425607427,7.534993269451266
1283,21-23-00,461.820372689076,7.501598850668852,7.535485009828008
1284,21-24-00,460.52398806722607,7.4805412503412505,7.507473634998634
1285,21-25-00,462.0834431092429,7.50587169942671,7.500673765492769
1286,21-26-00,464.0795318487394,7.538296023751025,7.512078049959054
1287,21-27-00,458.543554033613,7.448372620802623,7.4949360889980925
1288,21-28-00,455.44049252100837,7.397967989352984,7.474209916734918
1289,21-29-00,452.8697675630253,7.356209309309313,7.44934352852853
1290,21-30-00,454.4243470588244,7.381461292656289,7.424461447174447
1291,21-31-00,460.3425242016807,7.477593199563184,7.4123208823368785
1292,21-32-00,458.2637098319324,7.443825704340705,7.411411499044496
1293,21-33-00,455.52133655462205,7.399280283920285,7.411673957957956
1294,21-34-00,459.1900584033612,7.458873056238064,7.432206707343705
1295,21-35-00,456.3432293277312,7.412630031395027,7.4384404550914525
1296,21-36-00,458.7372420168066,7.451517530712539,7.4332253213213235
1297,21-37-00,458.5568954621844,7.44858831285829,7.434177843024841
1298,21-38-00,455.58670235294096,7.400341739011742,7.434390134043133
1299,21-39-00,457.79220999999916,7.436166960141962,7.429848914823912
1300,21-40-00,459.13506983193264,7.4579797993447965,7.438918868413866
1301,21-41-00,453.2952219327721,7.3631193570843605,7.4212392336882305
1302,21-42-00,456.97613462184864,7.422910565110558,7.416103684138685
1303,21-43-00,463.6524980672268,7.53135854900355,7.442307046137046
1304,21-44-00,458.18394521008395,7.4425305323505295,7.443579760578759
1305,21-45-00,462.22238327731054,7.508128259623267,7.453609452634453
1306,21-46-00,463.67137201680646,7.531664909909901,7.487318563199561
1307,21-47-00,462.51164210084045,7.512826696696696,7.505301789516788
1308,21-48-00,460.9643448739491,7.487693146328144,7.496568708981708
1309,21-49-00,458.5928486554615,7.449171541086542,7.49789691072891
1310,21-50-00,464.46625243697486,7.544575955500955,7.505186449904448
1311,21-51-00,463.34678941176423,7.526392641277651,7.504131996177998
1312,21-52-00,464.37235588235245,7.543050939120936,7.510176844662846
1313,21-53-00,470.1548074789909,7.636978428883421,7.540033901173901
1314,21-54-00,466.7224988235288,7.581225233415237,7.56644463963964
1315,21-55-00,462.4753999159654,7.51223750614249,7.559976949767948
1316,21-56-00,459.6539130252097,7.46640651924652,7.547979725361721
1317,21-57-00,465.2120855462185,7.556690614250616,7.550707660387657
1318,21-58-00,459.36735899159595,7.461751631176627,7.515662300846299
1319,21-59-00,463.0262738655454,7.5211852006551965,7.50365429429429
1320,22-00-00,466.0353731932774,7.570064133224135,7.515219619710618
1321,22-01-00,465.7475408403362,7.565388925743922,7.535016101010099
1322,22-02-00,465.72658714285654,7.565047929292938,7.536687564018564
1323,22-03-00,464.0748457142855,7.538218280098282,7.551980893802894
1324,22-04-00,465.01672344537826,7.553516906906892,7.558447235053234
1325,22-05-00,463.2554188235291,7.524907321867317,7.54941587278187
1326,22-06-00,470.9211886554619,7.649425821730827,7.566223251979251
1327,22-07-00,475.1030749579825,7.717354964509962,7.596684659022657
1328,22-08-00,466.11228453781547,7.571312234507239,7.603303449904447
1329,22-09-00,469.09272798319284,7.619725212940207,7.616545111111111
1330,22-10-00,466.7970948739491,7.582435524160519,7.62805075156975
1331,22-11-00,468.19721815126064,7.6051786445536305,7.619201316134311
1332,22-12-00,463.26698966386584,7.52509427654927,7.580749178542173
1333,22-13-00,469.45677823529405,7.625638426153417,7.591614416871408
1334,22-14-00,469.5534921008403,7.627209423969425,7.5931112590772525
1335,22-15-00,470.2275734453779,7.638158948948953,7.604255944034939
1336,22-16-00,471.80922647058816,7.663850578760576,7.615990330876327
1337,22-17-00,464.76781798319405,7.549473809718805,7.620866237510235
1338,22-18-00,469.0193649579825,7.61853358858858,7.619445269997269
1339,22-19-00,466.8385852100838,7.583110981435977,7.610625581490578
1340,22-20-00,467.4488043697477,7.593022914277914,7.60159837455637
1341,22-21-00,470.1145457983187,7.636322564837568,7.59609277177177
1342,22-22-00,471.9061692436976,7.665426266721249,7.6192832631722585
1343,22-23-00,471.0067207563022,7.650815064155066,7.625739558285555
1344,22-24-00,465.72191907563,7.564972881517886,7.622111938301936
1345,22-25-00,466.16654008403333,7.572194507234504,7.617946256893255
1346,22-26-00,466.6464463025212,7.579989942669943,7.60667973245973
1347,22-27-00,463.080515798319,7.5220663800163665,7.578007755118753
1348,22-28-00,463.33739974789916,7.52624021976521,7.553092786240782
1349,22-29-00,466.3745492436975,7.575573720993708,7.555212954135946
1350,22-30-00,465.356697394958,7.5590403480753405,7.552582122304114
1351,22-31-00,459.04320243697424,7.456486674856671,7.52788146874146
1352,22-32-00,461.86205579831926,7.502274645099641,7.523923121758114
1353,22-33-00,463.1739362184869,7.523584024024019,7.523391882609876
1354,22-34-00,463.1582644537816,7.523329533169538,7.512943045045041
1355,22-35-00,458.29449831932754,7.444325185640187,7.490000012558011
1356,22-36-00,461.0649505042019,7.48932707070707,7.496568091728091
1357,22-37-00,460.8393224369746,7.4856613731913795,7.49324543734644
1358,22-38-00,468.75249411764696,7.614200319410319,7.511368696423699
1359,22-39-00,467.98331613445384,7.601705653835657,7.527043920556922
1360,22-40-00,467.96873310924394,7.601468532623523,7.55847258995359
1361,22-41-00,464.2707099159662,7.541399459459448,7.568887067704066
1362,22-42-00,465.5142743697477,7.561599541359525,7.584074701337694
1363,22-43-00,465.28037159663876,7.557799283374285,7.572794494130487
1364,22-44-00,459.98064899159635,7.4717136418236345,7.546796091728083
1365,22-45-00,464.1128397478996,7.538835339885342,7.534269453180447
1366,22-46-00,463.9008653781507,7.535391399126402,7.533067841113838
1367,22-47-00,462.0393226050418,7.505153984438994,7.521778729729732
1368,22-48-00,466.4349095798317,7.576553164073153,7.525529505869505
1369,22-49-00,467.3036142016813,7.590664176904165,7.549319612885611
1370,22-50-00,466.1463700840346,7.57186634043133,7.5559258129948095
1371,22-51-00,469.4535810084037,7.62558734234234,7.573965001637996
1372,22-52-00,470.17521983193325,7.637309440349442,7.600396092820087
1373,22-53-00,470.4128301680679,7.6411683360633305,7.613319127218122
1374,22-54-00,465.8323878151261,7.566766334971336,7.6085395588315565
1375,22-55-00,463.5059487394961,7.528976056511058,7.599961502047501
1376,22-56-00,462.99324084033526,7.520647923832929,7.57897361834562
1377,22-57-00,466.8380373109239,7.58310025662025,7.5681317815997815
1378,22-58-00,465.65031411764664,7.563807990717991,7.552659712530714
1379,22-59-00,464.53638689075626,7.5457137742287665,7.5484492003821995
1380,23-00-00,462.6860283193278,7.515657226317231,7.545785434343434
1381,23-01-00,464.18843537815104,7.54006213622714,7.549668276822276
1382,23-02-00,459.6064447899158,7.46563420693419,7.526175066885064
1383,23-03-00,462.646311512605,7.515012036582027,7.51641587605787
1384,23-04-00,467.6222562184864,7.595839579579582,7.526441037128033
1385,23-05-00,465.91826151260557,7.568160352170354,7.536941662298659
1386,23-06-00,465.1270675630255,7.555308652743652,7.5399909656019615
1387,23-07-00,459.01107252100843,7.455962803712795,7.538056684957683
1388,23-08-00,457.8187156302518,7.436594907179901,7.522373259077257
1389,23-09-00,464.94844470588254,7.552406777231778,7.513686698607697
1390,23-10-00,463.45531126050406,7.528153209118206,7.505685269997267
1391,23-11-00,461.18976042016817,7.491353206388215,7.4928941807261795
1392,23-12-00,459.27025478991567,7.4601724952224915,7.493736119028118
1393,23-13-00,464.0554363025204,7.537900742560735,7.513997286104285
1394,23-14-00,464.92940403361393,7.552097317772318,7.513935394212393
1395,23-15-00,461.3359934453787,7.493727962052957,7.507050344799343
1396,23-16-00,462.68714722689026,7.515674767949761,7.511914657111653
1397,23-17-00,462.8243067226894,7.517902942942934,7.523460746655741
1398,23-18-00,461.8822097478989,7.502600047775044,7.5164006076986025
1399,23-19-00,460.3843350420166,7.478269515424503,7.50163504722904
1400,23-20-00,459.7765507563025,7.468397129402139,7.496568880698876
1401,23-21-00,454.4597086554625,7.3820328446628585,7.469840496041495
1402,23-22-00,458.8272436974787,7.452976386841383,7.456855184821185
1403,23-23-00,458.58819470588236,7.449093853398853,7.446153945945947
1404,23-24-00,453.4914307563026,7.366303684138683,7.423760779688783
1405,23-25-00,458.3819859663865,7.44574366639367,7.419230087087089
1406,23-26-00,457.2855551260506,7.427933749658747,7.428410268086267
1407,23-27-00,458.5666347899152,7.448743378378381,7.427563666393667
1408,23-28-00,453.32439050420203,7.363590218400207,7.410462939393938
1409,23-29-00,454.0862154621849,7.375964888069885,7.412395180180178
1410,23-30-00,449.3526454621847,7.299074868959863,7.3830614206934175
1411,23-31-00,453.4861586554613,7.366217439257433,7.370718158613154
1412,23-32-00,447.2187942857142,7.264413088998094,7.333852100737095
1413,23-33-00,448.2453905882348,7.2810886936936825,7.317351795795791
1414,23-34-00,452.2154632773107,7.34557658476658,7.311274135135131
1415,23-35-00,451.91011453781505,7.340616844116832,7.319582530166524
1416,23-36-00,455.8214712605041,7.404150812175798,7.327169204750197
1417,23-37-00,456.4653223529408,7.414609531804527,7.357208493311484
1418,23-38-00,454.73219100840333,7.38645714441715,7.378282183456179
1419,23-39-00,454.85024521008404,7.388374227409225,7.386841711984706
1420,23-40-00,448.3143621008403,7.282208938028916,7.3751601307671235
1421,23-41-00,456.1002072268901,7.4086786582036535,7.376065699972694
1422,23-42-00,454.7420905042015,7.386617824187831,7.370467358449355
1423,23-43-00,453.44725747899173,7.365584647829636,7.3662928591318515
1424,23-44-00,454.65054789915905,7.385130313950309,7.36564407644007
1425,23-45-00,453.0641242857139,7.359360950040949,7.381074478842476
1426,23-46-00,447.21209092436976,7.264303449358442,7.352199437073433
1427,23-47-00,453.6928463865539,7.369573270543259,7.348790526344518
1428,23-48-00,450.02574747899126,7.310007174447161,7.337675031668025
1429,23-49-00,449.31297764705863,7.298428993993988,7.32033476767676
1430,23-50-00,448.2624004201678,7.281364579579583,7.304735493584486
1431,23-51-00,450.20872436974787,7.312978850668858,7.31447057384657
1432,23-52-00,451.46261327731025,7.333346561561557,7.307225232050229
1433,23-53-00,451.02941689075544,7.326310390390382,7.310485875238873
1434,23-54-00,448.53402689075637,7.285775630630631,7.307955202566203
1435,23-55-00,449.24889193277323,7.297387457002466,7.311159778050779
1436,23-56-00,449.7452994957977,7.305451177996176,7.309654243516244
1437,23-57-00,447.03197672268885,7.261377689052676,7.295260469014465
1438,23-58-00,444.85762879341814,6.648561157103816,7.159710622357153
1439,23-59-00,440.2716154478979,6.580021706284154,7.018559837487857
